accuracy,auc,average_precision,balanced_accuracy,f1,feature_set,fold,high_state,model,model_family,n_test,n_train,positive_rate_pred,positive_rate_test,target,test_end,test_start,train_end,train_start
0.5938303341902313,0.5,0.40616966580976865,0.5,0.0,prevalence,1,high_q75,Prevalence,Prevalence,389,1427,0.0,0.40616966580976865,tci_same_scale_STC,2022-03-16,2020-03-04,2020-03-03,2013-04-08
0.9562982005141388,0.9968491424187627,0.9954887400616367,0.9622034084059401,0.9486404833836859,target_lags,1,high_q75,AR_Logistic,AR,389,1427,0.44473007712082263,0.40616966580976865,tci_same_scale_STC,2022-03-16,2020-03-04,2020-03-03,2013-04-08
0.532133676092545,0.6573236889692585,0.47319051091851977,0.4510521124445175,0.031914893617021274,external_only,1,high_q75,Exog_Logistic,Exog,389,1427,0.07712082262210797,0.40616966580976865,tci_same_scale_STC,2022-03-16,2020-03-04,2020-03-03,2013-04-08
0.5938303341902313,0.7166694065428243,0.6754669243680009,0.5,0.0,external_only,1,high_q75,Exog_RandomForestClassifier,Exog,389,1427,0.0,0.40616966580976865,tci_same_scale_STC,2022-03-16,2020-03-04,2020-03-03,2013-04-08
0.5938303341902313,0.5819496958737465,0.48601107070216437,0.5,0.0,external_only,1,high_q75,Exog_ExtraTreesClassifier,Exog,389,1427,0.0,0.40616966580976865,tci_same_scale_STC,2022-03-16,2020-03-04,2020-03-03,2013-04-08
0.5681233933161953,0.7569181872979341,0.5537225196567261,0.49535590991287193,0.1683168316831683,arx_external_plus_target_lags,1,high_q75,ARX_Logistic,ARX,389,1427,0.11311053984575835,0.40616966580976865,tci_same_scale_STC,2022-03-16,2020-03-04,2020-03-03,2013-04-08
0.5938303341902313,0.978793358540194,0.9411241116223626,0.5,0.0,arx_external_plus_target_lags,1,high_q75,ARX_RandomForestClassifier,ARX,389,1427,0.0,0.40616966580976865,tci_same_scale_STC,2022-03-16,2020-03-04,2020-03-03,2013-04-08
0.5938303341902313,0.9507096279248177,0.8971086529929595,0.5,0.0,arx_external_plus_target_lags,1,high_q75,ARX_ExtraTreesClassifier,ARX,389,1427,0.0,0.40616966580976865,tci_same_scale_STC,2022-03-16,2020-03-04,2020-03-03,2013-04-08
0.0,,,0.0,0.0,prevalence,2,high_q75,Prevalence,Prevalence,389,1816,0.0,1.0,tci_same_scale_STC,2024-03-12,2022-03-17,2022-03-16,2013-04-08
1.0,,,1.0,1.0,target_lags,2,high_q75,AR_Logistic,AR,389,1816,1.0,1.0,tci_same_scale_STC,2024-03-12,2022-03-17,2022-03-16,2013-04-08
0.6349614395886889,,,0.6349614395886889,0.7767295597484276,external_only,2,high_q75,Exog_Logistic,Exog,389,1816,0.6349614395886889,1.0,tci_same_scale_STC,2024-03-12,2022-03-17,2022-03-16,2013-04-08
0.7069408740359897,,,0.7069408740359897,0.8283132530120482,external_only,2,high_q75,Exog_RandomForestClassifier,Exog,389,1816,0.7069408740359897,1.0,tci_same_scale_STC,2024-03-12,2022-03-17,2022-03-16,2013-04-08
0.6786632390745502,,,0.6786632390745502,0.8085758039816233,external_only,2,high_q75,Exog_ExtraTreesClassifier,Exog,389,1816,0.6786632390745502,1.0,tci_same_scale_STC,2024-03-12,2022-03-17,2022-03-16,2013-04-08
0.8791773778920309,,,0.8791773778920309,0.9357045143638851,arx_external_plus_target_lags,2,high_q75,ARX_Logistic,ARX,389,1816,0.8791773778920309,1.0,tci_same_scale_STC,2024-03-12,2022-03-17,2022-03-16,2013-04-08
1.0,,,1.0,1.0,arx_external_plus_target_lags,2,high_q75,ARX_RandomForestClassifier,ARX,389,1816,1.0,1.0,tci_same_scale_STC,2024-03-12,2022-03-17,2022-03-16,2013-04-08
1.0,,,1.0,1.0,arx_external_plus_target_lags,2,high_q75,ARX_ExtraTreesClassifier,ARX,389,1816,1.0,1.0,tci_same_scale_STC,2024-03-12,2022-03-17,2022-03-16,2013-04-08
0.5948717948717949,0.5,0.40512820512820513,0.5,0.0,prevalence,3,high_q75,Prevalence,Prevalence,390,2205,0.0,0.40512820512820513,tci_same_scale_STC,2026-03-31,2024-03-13,2024-03-12,2013-04-08
0.9102564102564102,0.9917066783064163,0.9881303183604431,0.9235595809690091,0.8997134670487107,target_lags,3,high_q75,AR_Logistic,AR,390,2205,0.4897435897435897,0.40512820512820513,tci_same_scale_STC,2026-03-31,2024-03-13,2024-03-12,2013-04-08
0.40512820512820513,0.6120689655172413,0.46745562130177515,0.5,0.5766423357664234,external_only,3,high_q75,Exog_Logistic,Exog,390,2205,1.0,0.40512820512820513,tci_same_scale_STC,2026-03-31,2024-03-13,2024-03-12,2013-04-08
0.40512820512820513,0.7883975338280227,0.658315570162158,0.5,0.5766423357664234,external_only,3,high_q75,Exog_RandomForestClassifier,Exog,390,2205,1.0,0.40512820512820513,tci_same_scale_STC,2026-03-31,2024-03-13,2024-03-12,2013-04-08
0.4153846153846154,0.8602548013967699,0.7275462494909833,0.5086206896551724,0.5808823529411764,external_only,3,high_q75,Exog_ExtraTreesClassifier,Exog,390,2205,0.9897435897435898,0.40512820512820513,tci_same_scale_STC,2026-03-31,2024-03-13,2024-03-12,2013-04-08
0.40512820512820513,0.6587734613705805,0.4994181383581552,0.5,0.5766423357664234,arx_external_plus_target_lags,3,high_q75,ARX_Logistic,ARX,390,2205,1.0,0.40512820512820513,tci_same_scale_STC,2026-03-31,2024-03-13,2024-03-12,2013-04-08
0.5384615384615384,0.9853502837189001,0.9792497460345466,0.6120689655172413,0.6370967741935484,arx_external_plus_target_lags,3,high_q75,ARX_RandomForestClassifier,ARX,390,2205,0.8666666666666667,0.40512820512820513,tci_same_scale_STC,2026-03-31,2024-03-13,2024-03-12,2013-04-08
0.5512820512820513,0.905622544740288,0.841648820542552,0.6228448275862069,0.6435845213849287,arx_external_plus_target_lags,3,high_q75,ARX_ExtraTreesClassifier,ARX,390,2205,0.8538461538461538,0.40512820512820513,tci_same_scale_STC,2026-03-31,2024-03-13,2024-03-12,2013-04-08
0.6555269922879178,0.5,0.3444730077120823,0.5,0.0,prevalence,1,high_q90,Prevalence,Prevalence,389,1427,0.0,0.3444730077120823,tci_same_scale_STC,2022-03-16,2020-03-04,2020-03-03,2013-04-08
0.9460154241645244,0.9993854258121159,0.998886305395554,0.9588235294117646,0.9273356401384083,target_lags,1,high_q90,AR_Logistic,AR,389,1427,0.39845758354755784,0.3444730077120823,tci_same_scale_STC,2022-03-16,2020-03-04,2020-03-03,2013-04-08
0.7840616966580977,0.8729880011706175,0.7785766867440107,0.7910301434006439,0.7218543046357615,external_only,1,high_q90,Exog_Logistic,Exog,389,1427,0.4318766066838046,0.3444730077120823,tci_same_scale_STC,2022-03-16,2020-03-04,2020-03-03,2013-04-08
0.6555269922879178,0.7666812993854258,0.7747940617645978,0.5,0.0,external_only,1,high_q90,Exog_RandomForestClassifier,Exog,389,1427,0.0,0.3444730077120823,tci_same_scale_STC,2022-03-16,2020-03-04,2020-03-03,2013-04-08
0.6555269922879178,0.8094234708808897,0.7171339121936119,0.5,0.0,external_only,1,high_q90,Exog_ExtraTreesClassifier,Exog,389,1427,0.0,0.3444730077120823,tci_same_scale_STC,2022-03-16,2020-03-04,2020-03-03,2013-04-08
0.7840616966580977,0.8841673983026046,0.7948369719042323,0.7963418203102136,0.7272727272727273,arx_external_plus_target_lags,1,high_q90,ARX_Logistic,ARX,389,1427,0.4473007712082262,0.3444730077120823,tci_same_scale_STC,2022-03-16,2020-03-04,2020-03-03,2013-04-08
0.6555269922879178,0.9960784313725489,0.9948437262593419,0.5,0.0,arx_external_plus_target_lags,1,high_q90,ARX_RandomForestClassifier,ARX,389,1427,0.0,0.3444730077120823,tci_same_scale_STC,2022-03-16,2020-03-04,2020-03-03,2013-04-08
0.6555269922879178,0.976660813579163,0.9393655525282816,0.5,0.0,arx_external_plus_target_lags,1,high_q90,ARX_ExtraTreesClassifier,ARX,389,1427,0.0,0.3444730077120823,tci_same_scale_STC,2022-03-16,2020-03-04,2020-03-03,2013-04-08
0.0,,,0.0,0.0,prevalence,2,high_q90,Prevalence,Prevalence,389,1816,0.0,1.0,tci_same_scale_STC,2024-03-12,2022-03-17,2022-03-16,2013-04-08
1.0,,,1.0,1.0,target_lags,2,high_q90,AR_Logistic,AR,389,1816,1.0,1.0,tci_same_scale_STC,2024-03-12,2022-03-17,2022-03-16,2013-04-08
0.35475578406169667,,,0.35475578406169667,0.5237191650853891,external_only,2,high_q90,Exog_Logistic,Exog,389,1816,0.35475578406169667,1.0,tci_same_scale_STC,2024-03-12,2022-03-17,2022-03-16,2013-04-08
0.6323907455012854,,,0.6323907455012854,0.7748031496062993,external_only,2,high_q90,Exog_RandomForestClassifier,Exog,389,1816,0.6323907455012854,1.0,tci_same_scale_STC,2024-03-12,2022-03-17,2022-03-16,2013-04-08
0.3444730077120823,,,0.3444730077120823,0.5124282982791587,external_only,2,high_q90,Exog_ExtraTreesClassifier,Exog,389,1816,0.3444730077120823,1.0,tci_same_scale_STC,2024-03-12,2022-03-17,2022-03-16,2013-04-08
0.6529562982005142,,,0.6529562982005142,0.7900466562986003,arx_external_plus_target_lags,2,high_q90,ARX_Logistic,ARX,389,1816,0.6529562982005142,1.0,tci_same_scale_STC,2024-03-12,2022-03-17,2022-03-16,2013-04-08
0.8251928020565553,,,0.8251928020565553,0.9042253521126761,arx_external_plus_target_lags,2,high_q90,ARX_RandomForestClassifier,ARX,389,1816,0.8251928020565553,1.0,tci_same_scale_STC,2024-03-12,2022-03-17,2022-03-16,2013-04-08
0.7866323907455013,,,0.7866323907455013,0.8805755395683453,arx_external_plus_target_lags,2,high_q90,ARX_ExtraTreesClassifier,ARX,389,1816,0.7866323907455013,1.0,tci_same_scale_STC,2024-03-12,2022-03-17,2022-03-16,2013-04-08
1.0,,,1.0,0.0,prevalence,3,high_q90,Prevalence,Prevalence,390,2205,0.0,0.0,tci_same_scale_STC,2026-03-31,2024-03-13,2024-03-12,2013-04-08
0.9256410256410257,,,0.9256410256410257,0.0,target_lags,3,high_q90,AR_Logistic,AR,390,2205,0.07435897435897436,0.0,tci_same_scale_STC,2026-03-31,2024-03-13,2024-03-12,2013-04-08
0.3,,,0.3,0.0,external_only,3,high_q90,Exog_Logistic,Exog,390,2205,0.7,0.0,tci_same_scale_STC,2026-03-31,2024-03-13,2024-03-12,2013-04-08
0.2846153846153846,,,0.2846153846153846,0.0,external_only,3,high_q90,Exog_RandomForestClassifier,Exog,390,2205,0.7153846153846154,0.0,tci_same_scale_STC,2026-03-31,2024-03-13,2024-03-12,2013-04-08
0.09743589743589744,,,0.09743589743589744,0.0,external_only,3,high_q90,Exog_ExtraTreesClassifier,Exog,390,2205,0.9025641025641026,0.0,tci_same_scale_STC,2026-03-31,2024-03-13,2024-03-12,2013-04-08
0.735897435897436,,,0.735897435897436,0.0,arx_external_plus_target_lags,3,high_q90,ARX_Logistic,ARX,390,2205,0.2641025641025641,0.0,tci_same_scale_STC,2026-03-31,2024-03-13,2024-03-12,2013-04-08
1.0,,,1.0,0.0,arx_external_plus_target_lags,3,high_q90,ARX_RandomForestClassifier,ARX,390,2205,0.0,0.0,tci_same_scale_STC,2026-03-31,2024-03-13,2024-03-12,2013-04-08
0.4153846153846154,,,0.4153846153846154,0.0,arx_external_plus_target_lags,3,high_q90,ARX_ExtraTreesClassifier,ARX,390,2205,0.5846153846153846,0.0,tci_same_scale_STC,2026-03-31,2024-03-13,2024-03-12,2013-04-08
1.0,,,1.0,0.0,prevalence,1,high_q75,Prevalence,Prevalence,389,1427,0.0,0.0,tci_same_scale_MTC,2022-03-16,2020-03-04,2020-03-03,2013-04-08
1.0,,,1.0,0.0,target_lags,1,high_q75,AR_Logistic,AR,389,1427,0.0,0.0,tci_same_scale_MTC,2022-03-16,2020-03-04,2020-03-03,2013-04-08
0.15681233933161953,,,0.15681233933161953,0.0,external_only,1,high_q75,Exog_Logistic,Exog,389,1427,0.8431876606683805,0.0,tci_same_scale_MTC,2022-03-16,2020-03-04,2020-03-03,2013-04-08
1.0,,,1.0,0.0,external_only,1,high_q75,Exog_RandomForestClassifier,Exog,389,1427,0.0,0.0,tci_same_scale_MTC,2022-03-16,2020-03-04,2020-03-03,2013-04-08
1.0,,,1.0,0.0,external_only,1,high_q75,Exog_ExtraTreesClassifier,Exog,389,1427,0.0,0.0,tci_same_scale_MTC,2022-03-16,2020-03-04,2020-03-03,2013-04-08
0.16709511568123395,,,0.16709511568123395,0.0,arx_external_plus_target_lags,1,high_q75,ARX_Logistic,ARX,389,1427,0.8329048843187661,0.0,tci_same_scale_MTC,2022-03-16,2020-03-04,2020-03-03,2013-04-08
1.0,,,1.0,0.0,arx_external_plus_target_lags,1,high_q75,ARX_RandomForestClassifier,ARX,389,1427,0.0,0.0,tci_same_scale_MTC,2022-03-16,2020-03-04,2020-03-03,2013-04-08
1.0,,,1.0,0.0,arx_external_plus_target_lags,1,high_q75,ARX_ExtraTreesClassifier,ARX,389,1427,0.0,0.0,tci_same_scale_MTC,2022-03-16,2020-03-04,2020-03-03,2013-04-08
1.0,,,1.0,0.0,prevalence,2,high_q75,Prevalence,Prevalence,389,1816,0.0,0.0,tci_same_scale_MTC,2024-03-12,2022-03-17,2022-03-16,2013-04-08
1.0,,,1.0,0.0,target_lags,2,high_q75,AR_Logistic,AR,389,1816,0.0,0.0,tci_same_scale_MTC,2024-03-12,2022-03-17,2022-03-16,2013-04-08
1.0,,,1.0,0.0,external_only,2,high_q75,Exog_Logistic,Exog,389,1816,0.0,0.0,tci_same_scale_MTC,2024-03-12,2022-03-17,2022-03-16,2013-04-08
1.0,,,1.0,0.0,external_only,2,high_q75,Exog_RandomForestClassifier,Exog,389,1816,0.0,0.0,tci_same_scale_MTC,2024-03-12,2022-03-17,2022-03-16,2013-04-08
1.0,,,1.0,0.0,external_only,2,high_q75,Exog_ExtraTreesClassifier,Exog,389,1816,0.0,0.0,tci_same_scale_MTC,2024-03-12,2022-03-17,2022-03-16,2013-04-08
0.9948586118251928,,,0.9948586118251928,0.0,arx_external_plus_target_lags,2,high_q75,ARX_Logistic,ARX,389,1816,0.005141388174807198,0.0,tci_same_scale_MTC,2024-03-12,2022-03-17,2022-03-16,2013-04-08
1.0,,,1.0,0.0,arx_external_plus_target_lags,2,high_q75,ARX_RandomForestClassifier,ARX,389,1816,0.0,0.0,tci_same_scale_MTC,2024-03-12,2022-03-17,2022-03-16,2013-04-08
1.0,,,1.0,0.0,arx_external_plus_target_lags,2,high_q75,ARX_ExtraTreesClassifier,ARX,389,1816,0.0,0.0,tci_same_scale_MTC,2024-03-12,2022-03-17,2022-03-16,2013-04-08
1.0,,,1.0,0.0,prevalence,3,high_q75,Prevalence,Prevalence,390,2205,0.0,0.0,tci_same_scale_MTC,2026-03-31,2024-03-13,2024-03-12,2013-04-08
1.0,,,1.0,0.0,target_lags,3,high_q75,AR_Logistic,AR,390,2205,0.0,0.0,tci_same_scale_MTC,2026-03-31,2024-03-13,2024-03-12,2013-04-08
0.8641025641025641,,,0.8641025641025641,0.0,external_only,3,high_q75,Exog_Logistic,Exog,390,2205,0.1358974358974359,0.0,tci_same_scale_MTC,2026-03-31,2024-03-13,2024-03-12,2013-04-08
1.0,,,1.0,0.0,external_only,3,high_q75,Exog_RandomForestClassifier,Exog,390,2205,0.0,0.0,tci_same_scale_MTC,2026-03-31,2024-03-13,2024-03-12,2013-04-08
1.0,,,1.0,0.0,external_only,3,high_q75,Exog_ExtraTreesClassifier,Exog,390,2205,0.0,0.0,tci_same_scale_MTC,2026-03-31,2024-03-13,2024-03-12,2013-04-08
0.8102564102564103,,,0.8102564102564103,0.0,arx_external_plus_target_lags,3,high_q75,ARX_Logistic,ARX,390,2205,0.18974358974358974,0.0,tci_same_scale_MTC,2026-03-31,2024-03-13,2024-03-12,2013-04-08
1.0,,,1.0,0.0,arx_external_plus_target_lags,3,high_q75,ARX_RandomForestClassifier,ARX,390,2205,0.0,0.0,tci_same_scale_MTC,2026-03-31,2024-03-13,2024-03-12,2013-04-08
1.0,,,1.0,0.0,arx_external_plus_target_lags,3,high_q75,ARX_ExtraTreesClassifier,ARX,390,2205,0.0,0.0,tci_same_scale_MTC,2026-03-31,2024-03-13,2024-03-12,2013-04-08
1.0,,,1.0,0.0,prevalence,1,high_q90,Prevalence,Prevalence,389,1427,0.0,0.0,tci_same_scale_MTC,2022-03-16,2020-03-04,2020-03-03,2013-04-08
1.0,,,1.0,0.0,target_lags,1,high_q90,AR_Logistic,AR,389,1427,0.0,0.0,tci_same_scale_MTC,2022-03-16,2020-03-04,2020-03-03,2013-04-08
0.8817480719794345,,,0.8817480719794345,0.0,external_only,1,high_q90,Exog_Logistic,Exog,389,1427,0.11825192802056556,0.0,tci_same_scale_MTC,2022-03-16,2020-03-04,2020-03-03,2013-04-08
1.0,,,1.0,0.0,external_only,1,high_q90,Exog_RandomForestClassifier,Exog,389,1427,0.0,0.0,tci_same_scale_MTC,2022-03-16,2020-03-04,2020-03-03,2013-04-08
1.0,,,1.0,0.0,external_only,1,high_q90,Exog_ExtraTreesClassifier,Exog,389,1427,0.0,0.0,tci_same_scale_MTC,2022-03-16,2020-03-04,2020-03-03,2013-04-08
0.699228791773779,,,0.699228791773779,0.0,arx_external_plus_target_lags,1,high_q90,ARX_Logistic,ARX,389,1427,0.30077120822622105,0.0,tci_same_scale_MTC,2022-03-16,2020-03-04,2020-03-03,2013-04-08
1.0,,,1.0,0.0,arx_external_plus_target_lags,1,high_q90,ARX_RandomForestClassifier,ARX,389,1427,0.0,0.0,tci_same_scale_MTC,2022-03-16,2020-03-04,2020-03-03,2013-04-08
1.0,,,1.0,0.0,arx_external_plus_target_lags,1,high_q90,ARX_ExtraTreesClassifier,ARX,389,1427,0.0,0.0,tci_same_scale_MTC,2022-03-16,2020-03-04,2020-03-03,2013-04-08
1.0,,,1.0,0.0,prevalence,2,high_q90,Prevalence,Prevalence,389,1816,0.0,0.0,tci_same_scale_MTC,2024-03-12,2022-03-17,2022-03-16,2013-04-08
1.0,,,1.0,0.0,target_lags,2,high_q90,AR_Logistic,AR,389,1816,0.0,0.0,tci_same_scale_MTC,2024-03-12,2022-03-17,2022-03-16,2013-04-08
0.8174807197943444,,,0.8174807197943444,0.0,external_only,2,high_q90,Exog_Logistic,Exog,389,1816,0.18251928020565553,0.0,tci_same_scale_MTC,2024-03-12,2022-03-17,2022-03-16,2013-04-08
1.0,,,1.0,0.0,external_only,2,high_q90,Exog_RandomForestClassifier,Exog,389,1816,0.0,0.0,tci_same_scale_MTC,2024-03-12,2022-03-17,2022-03-16,2013-04-08
1.0,,,1.0,0.0,external_only,2,high_q90,Exog_ExtraTreesClassifier,Exog,389,1816,0.0,0.0,tci_same_scale_MTC,2024-03-12,2022-03-17,2022-03-16,2013-04-08
0.7506426735218509,,,0.7506426735218509,0.0,arx_external_plus_target_lags,2,high_q90,ARX_Logistic,ARX,389,1816,0.2493573264781491,0.0,tci_same_scale_MTC,2024-03-12,2022-03-17,2022-03-16,2013-04-08
1.0,,,1.0,0.0,arx_external_plus_target_lags,2,high_q90,ARX_RandomForestClassifier,ARX,389,1816,0.0,0.0,tci_same_scale_MTC,2024-03-12,2022-03-17,2022-03-16,2013-04-08
1.0,,,1.0,0.0,arx_external_plus_target_lags,2,high_q90,ARX_ExtraTreesClassifier,ARX,389,1816,0.0,0.0,tci_same_scale_MTC,2024-03-12,2022-03-17,2022-03-16,2013-04-08
1.0,,,1.0,0.0,prevalence,3,high_q90,Prevalence,Prevalence,390,2205,0.0,0.0,tci_same_scale_MTC,2026-03-31,2024-03-13,2024-03-12,2013-04-08
1.0,,,1.0,0.0,target_lags,3,high_q90,AR_Logistic,AR,390,2205,0.0,0.0,tci_same_scale_MTC,2026-03-31,2024-03-13,2024-03-12,2013-04-08
0.9051282051282051,,,0.9051282051282051,0.0,external_only,3,high_q90,Exog_Logistic,Exog,390,2205,0.09487179487179487,0.0,tci_same_scale_MTC,2026-03-31,2024-03-13,2024-03-12,2013-04-08
1.0,,,1.0,0.0,external_only,3,high_q90,Exog_RandomForestClassifier,Exog,390,2205,0.0,0.0,tci_same_scale_MTC,2026-03-31,2024-03-13,2024-03-12,2013-04-08
1.0,,,1.0,0.0,external_only,3,high_q90,Exog_ExtraTreesClassifier,Exog,390,2205,0.0,0.0,tci_same_scale_MTC,2026-03-31,2024-03-13,2024-03-12,2013-04-08
0.8974358974358975,,,0.8974358974358975,0.0,arx_external_plus_target_lags,3,high_q90,ARX_Logistic,ARX,390,2205,0.10256410256410256,0.0,tci_same_scale_MTC,2026-03-31,2024-03-13,2024-03-12,2013-04-08
1.0,,,1.0,0.0,arx_external_plus_target_lags,3,high_q90,ARX_RandomForestClassifier,ARX,390,2205,0.0,0.0,tci_same_scale_MTC,2026-03-31,2024-03-13,2024-03-12,2013-04-08
1.0,,,1.0,0.0,arx_external_plus_target_lags,3,high_q90,ARX_ExtraTreesClassifier,ARX,390,2205,0.0,0.0,tci_same_scale_MTC,2026-03-31,2024-03-13,2024-03-12,2013-04-08
0.6143958868894601,0.5,0.3856041131105398,0.5,0.0,prevalence,1,high_q75,Prevalence,Prevalence,389,1427,0.0,0.3856041131105398,tci_within_gold,2022-03-16,2020-03-04,2020-03-03,2013-04-08
0.9897172236503856,0.9998326359832636,0.9997341927066523,0.9916317991631799,0.9868421052631579,target_lags,1,high_q75,AR_Logistic,AR,389,1427,0.39588688946015427,0.3856041131105398,tci_within_gold,2022-03-16,2020-03-04,2020-03-03,2013-04-08
0.38303341902313626,0.29403068340306837,0.3095644068200628,0.42343096234309624,0.42857142857142855,external_only,1,high_q75,Exog_Logistic,Exog,389,1427,0.6940874035989717,0.3856041131105398,tci_within_gold,2022-03-16,2020-03-04,2020-03-03,2013-04-08
0.6143958868894601,0.6876011157601115,0.6956425610790856,0.5,0.0,external_only,1,high_q75,Exog_RandomForestClassifier,Exog,389,1427,0.0,0.3856041131105398,tci_within_gold,2022-03-16,2020-03-04,2020-03-03,2013-04-08
0.6143958868894601,0.7316317991631799,0.7823965852798134,0.5,0.0,external_only,1,high_q75,Exog_ExtraTreesClassifier,Exog,389,1427,0.0,0.3856041131105398,tci_within_gold,2022-03-16,2020-03-04,2020-03-03,2013-04-08
0.5244215938303342,0.7999163179916318,0.6605391546662996,0.6129707112970711,0.6185567010309279,arx_external_plus_target_lags,1,high_q75,ARX_Logistic,ARX,389,1427,0.8611825192802056,0.3856041131105398,tci_within_gold,2022-03-16,2020-03-04,2020-03-03,2013-04-08
0.6143958868894601,0.9833472803347281,0.9816428387929639,0.5,0.0,arx_external_plus_target_lags,1,high_q75,ARX_RandomForestClassifier,ARX,389,1427,0.0,0.3856041131105398,tci_within_gold,2022-03-16,2020-03-04,2020-03-03,2013-04-08
0.6143958868894601,0.9801813110181311,0.9704021153526551,0.5,0.0,arx_external_plus_target_lags,1,high_q75,ARX_ExtraTreesClassifier,ARX,389,1427,0.0,0.3856041131105398,tci_within_gold,2022-03-16,2020-03-04,2020-03-03,2013-04-08
0.6143958868894601,0.5,0.3856041131105398,0.5,0.0,prevalence,2,high_q75,Prevalence,Prevalence,389,1816,0.0,0.3856041131105398,tci_within_gold,2024-03-12,2022-03-17,2022-03-16,2013-04-08
0.9691516709511568,0.9998884239888424,0.9998230935280035,0.9748953974895398,0.9615384615384615,target_lags,2,high_q75,AR_Logistic,AR,389,1816,0.41645244215938304,0.3856041131105398,tci_within_gold,2024-03-12,2022-03-17,2022-03-16,2013-04-08
0.42159383033419023,0.47238493723849373,0.4748556837065119,0.38778242677824265,0.24242424242424243,external_only,2,high_q75,Exog_Logistic,Exog,389,1816,0.37789203084832906,0.3856041131105398,tci_within_gold,2024-03-12,2022-03-17,2022-03-16,2013-04-08
0.42159383033419023,0.47885634588563464,0.4684486238048152,0.38778242677824265,0.24242424242424243,external_only,2,high_q75,Exog_RandomForestClassifier,Exog,389,1816,0.37789203084832906,0.3856041131105398,tci_within_gold,2024-03-12,2022-03-17,2022-03-16,2013-04-08
0.6580976863753213,0.5374337517433752,0.5004466287229846,0.5665969316596932,0.27322404371584696,external_only,2,high_q75,Exog_ExtraTreesClassifier,Exog,389,1816,0.08483290488431877,0.3856041131105398,tci_within_gold,2024-03-12,2022-03-17,2022-03-16,2013-04-08
0.5398457583547558,0.8247140864714086,0.758193268938161,0.6255230125523012,0.6263048016701461,arx_external_plus_target_lags,2,high_q75,ARX_Logistic,ARX,389,1816,0.8457583547557841,0.3856041131105398,tci_within_gold,2024-03-12,2022-03-17,2022-03-16,2013-04-08
0.9537275064267352,0.9927475592747559,0.9837469649954718,0.9623430962343096,0.9433962264150945,arx_external_plus_target_lags,2,high_q75,ARX_RandomForestClassifier,ARX,389,1816,0.4318766066838046,0.3856041131105398,tci_within_gold,2024-03-12,2022-03-17,2022-03-16,2013-04-08
0.7994858611825193,0.9221338912133892,0.8617422482983377,0.7710320781032078,0.7132352941176471,arx_external_plus_target_lags,2,high_q75,ARX_ExtraTreesClassifier,ARX,389,1816,0.31362467866323906,0.3856041131105398,tci_within_gold,2024-03-12,2022-03-17,2022-03-16,2013-04-08
0.5461538461538461,0.5,0.45384615384615384,0.5,0.0,prevalence,3,high_q75,Prevalence,Prevalence,390,2205,0.0,0.45384615384615384,tci_within_gold,2026-03-31,2024-03-13,2024-03-12,2013-04-08
0.9358974358974359,0.9999204265138856,0.9999042400382823,0.9413145539906103,0.9340369393139842,target_lags,3,high_q75,AR_Logistic,AR,390,2205,0.517948717948718,0.45384615384615384,tci_within_gold,2026-03-31,2024-03-13,2024-03-12,2013-04-08
0.5641025641025641,0.7128192886130342,0.7430267386854605,0.5818413304686878,0.6171171171171171,external_only,3,high_q75,Exog_Logistic,Exog,390,2205,0.6846153846153846,0.45384615384615384,tci_within_gold,2026-03-31,2024-03-13,2024-03-12,2013-04-08
0.7461538461538462,0.8432932813453224,0.7999962276737215,0.7298878013845786,0.664406779661017,external_only,3,high_q75,Exog_RandomForestClassifier,Exog,390,2205,0.30256410256410254,0.45384615384615384,tci_within_gold,2026-03-31,2024-03-13,2024-03-12,2013-04-08
0.5564102564102564,0.8218084400944272,0.8245842732050364,0.5848253361979788,0.6462167689161554,external_only,3,high_q75,Exog_ExtraTreesClassifier,Exog,390,2205,0.8,0.45384615384615384,tci_within_gold,2026-03-31,2024-03-13,2024-03-12,2013-04-08
0.8487179487179487,0.955651043738893,0.9461976098282363,0.8404949470836317,0.8184615384615384,arx_external_plus_target_lags,3,high_q75,ARX_Logistic,ARX,390,2205,0.37948717948717947,0.45384615384615384,tci_within_gold,2026-03-31,2024-03-13,2024-03-12,2013-04-08
0.9692307692307692,0.9902655101986685,0.9838855407678382,0.9699212222487468,0.9664804469273743,arx_external_plus_target_lags,3,high_q75,ARX_RandomForestClassifier,ARX,390,2205,0.4641025641025641,0.45384615384615384,tci_within_gold,2026-03-31,2024-03-13,2024-03-12,2013-04-08
0.9230769230769231,0.9891116946500093,0.985897120240496,0.9295774647887324,0.921875,arx_external_plus_target_lags,3,high_q75,ARX_ExtraTreesClassifier,ARX,390,2205,0.5307692307692308,0.45384615384615384,tci_within_gold,2026-03-31,2024-03-13,2024-03-12,2013-04-08
0.794344473007712,0.5,0.20565552699228792,0.5,0.0,prevalence,1,high_q90,Prevalence,Prevalence,389,1427,0.0,0.20565552699228792,tci_within_gold,2022-03-16,2020-03-04,2020-03-03,2013-04-08
0.9177377892030848,0.9971682847896439,0.9901388277992069,0.948220064724919,0.8333333333333333,target_lags,1,high_q90,AR_Logistic,AR,389,1427,0.2879177377892031,0.20565552699228792,tci_within_gold,2022-03-16,2020-03-04,2020-03-03,2013-04-08
0.4884318766066838,0.3837378640776699,0.1603562251268598,0.4463996763754045,0.2316602316602317,external_only,1,high_q90,Exog_Logistic,Exog,389,1427,0.4601542416452442,0.20565552699228792,tci_within_gold,2022-03-16,2020-03-04,2020-03-03,2013-04-08
0.794344473007712,0.7037621359223302,0.3263848421744015,0.5,0.0,external_only,1,high_q90,Exog_RandomForestClassifier,Exog,389,1427,0.0,0.20565552699228792,tci_within_gold,2022-03-16,2020-03-04,2020-03-03,2013-04-08
0.794344473007712,0.5420914239482201,0.2980982315136928,0.5,0.0,external_only,1,high_q90,Exog_ExtraTreesClassifier,Exog,389,1427,0.0,0.20565552699228792,tci_within_gold,2022-03-16,2020-03-04,2020-03-03,2013-04-08
0.41645244215938304,0.7369336569579287,0.39941766641118287,0.6187904530744337,0.4041994750656168,arx_external_plus_target_lags,1,high_q90,ARX_Logistic,ARX,389,1427,0.7737789203084833,0.20565552699228792,tci_within_gold,2022-03-16,2020-03-04,2020-03-03,2013-04-08
0.794344473007712,0.9813106796116504,0.9149650185922602,0.5,0.0,arx_external_plus_target_lags,1,high_q90,ARX_RandomForestClassifier,ARX,389,1427,0.0,0.20565552699228792,tci_within_gold,2022-03-16,2020-03-04,2020-03-03,2013-04-08
0.794344473007712,0.9760922330097088,0.9090980996689104,0.5,0.0,arx_external_plus_target_lags,1,high_q90,ARX_ExtraTreesClassifier,ARX,389,1427,0.0,0.20565552699228792,tci_within_gold,2022-03-16,2020-03-04,2020-03-03,2013-04-08
0.8123393316195373,0.5,0.18766066838046272,0.5,0.0,prevalence,2,high_q90,Prevalence,Prevalence,389,1816,0.0,0.18766066838046272,tci_within_gold,2024-03-12,2022-03-17,2022-03-16,2013-04-08
0.9048843187660668,0.9999132998092596,0.9996272309088974,0.9414556962025317,0.7978142076502733,target_lags,2,high_q90,AR_Logistic,AR,389,1816,0.2827763496143959,0.18766066838046272,tci_within_gold,2024-03-12,2022-03-17,2022-03-16,2013-04-08
0.32904884318766064,0.5394485867868909,0.3310043474658868,0.44481532859372286,0.26062322946175637,external_only,2,high_q90,Exog_Logistic,Exog,389,1816,0.7197943444730077,0.18766066838046272,tci_within_gold,2024-03-12,2022-03-17,2022-03-16,2013-04-08
0.2982005141388175,0.3892838564244841,0.3047482341264957,0.26781688919715624,0.10491803278688523,external_only,2,high_q90,Exog_RandomForestClassifier,Exog,389,1816,0.596401028277635,0.18766066838046272,tci_within_gold,2024-03-12,2022-03-17,2022-03-16,2013-04-08
0.5809768637532133,0.3711418415120513,0.31481079479369384,0.4366004855210681,0.15544041450777202,external_only,2,high_q90,Exog_ExtraTreesClassifier,Exog,389,1816,0.30848329048843187,0.18766066838046272,tci_within_gold,2024-03-12,2022-03-17,2022-03-16,2013-04-08
0.38817480719794345,0.8316282295821049,0.5387721083144132,0.6076166117565458,0.3703703703703704,arx_external_plus_target_lags,2,high_q90,ARX_Logistic,ARX,389,1816,0.7840616966580977,0.18766066838046272,tci_within_gold,2024-03-12,2022-03-17,2022-03-16,2013-04-08
0.9408740359897172,0.9750303450667592,0.8607365780751361,0.9636075949367089,0.8639053254437871,arx_external_plus_target_lags,2,high_q90,ARX_RandomForestClassifier,ARX,389,1816,0.2467866323907455,0.18766066838046272,tci_within_gold,2024-03-12,2022-03-17,2022-03-16,2013-04-08
0.7352185089974294,0.8127275880006937,0.48669838512626185,0.7106164383561644,0.4875621890547264,arx_external_plus_target_lags,2,high_q90,ARX_ExtraTreesClassifier,ARX,389,1816,0.32904884318766064,0.18766066838046272,tci_within_gold,2024-03-12,2022-03-17,2022-03-16,2013-04-08
0.6820512820512821,0.5,0.31794871794871793,0.5,0.0,prevalence,3,high_q90,Prevalence,Prevalence,390,2205,0.0,0.31794871794871793,tci_within_gold,2026-03-31,2024-03-13,2024-03-12,2013-04-08
0.9435897435897436,0.9994542808634489,0.9988483134799968,0.9586466165413534,0.9185185185185185,target_lags,3,high_q90,AR_Logistic,AR,390,2205,0.37435897435897436,0.31794871794871793,tci_within_gold,2026-03-31,2024-03-13,2024-03-12,2013-04-08
0.5743589743589743,0.3195185544506427,0.23563796853438146,0.44042566092650987,0.09782608695652173,external_only,3,high_q90,Exog_Logistic,Exog,390,2205,0.15384615384615385,0.31794871794871793,tci_within_gold,2026-03-31,2024-03-13,2024-03-12,2013-04-08
0.6974358974358974,0.7063727868057241,0.45798611105928394,0.6038382245937424,0.4215686274509804,external_only,3,high_q90,Exog_RandomForestClassifier,Exog,390,2205,0.20512820512820512,0.31794871794871793,tci_within_gold,2026-03-31,2024-03-13,2024-03-12,2013-04-08
0.4564102564102564,0.3188515643948581,0.25733868199295595,0.4228413776376425,0.27891156462585037,external_only,3,high_q90,Exog_ExtraTreesClassifier,Exog,390,2205,0.4358974358974359,0.31794871794871793,tci_within_gold,2026-03-31,2024-03-13,2024-03-12,2013-04-08
0.6897435897435897,0.4493693912199854,0.4194545031845234,0.5788260975018191,0.35978835978835977,arx_external_plus_target_lags,3,high_q90,ARX_Logistic,ARX,390,2205,0.16666666666666666,0.31794871794871793,tci_within_gold,2026-03-31,2024-03-13,2024-03-12,2013-04-08
0.9538461538461539,0.9784137763764249,0.8978292910692934,0.9575551782682512,0.930232558139535,arx_external_plus_target_lags,3,high_q90,ARX_RandomForestClassifier,ARX,390,2205,0.3435897435897436,0.31794871794871793,tci_within_gold,2026-03-31,2024-03-13,2024-03-12,2013-04-08
0.8666666666666667,0.9087587921416443,0.7050065313005954,0.8936454038321611,0.821917808219178,arx_external_plus_target_lags,3,high_q90,ARX_ExtraTreesClassifier,ARX,390,2205,0.4307692307692308,0.31794871794871793,tci_within_gold,2026-03-31,2024-03-13,2024-03-12,2013-04-08
0.39588688946015427,0.5,0.6041131105398457,0.5,0.0,prevalence,1,high_q75,Prevalence,Prevalence,389,1427,0.0,0.6041131105398457,tci_within_silver,2022-03-16,2020-03-04,2020-03-03,2013-04-08
0.9562982005141388,0.9984249792760431,0.9989830698767259,0.9448051948051948,0.9650924024640657,target_lags,1,high_q75,AR_Logistic,AR,389,1427,0.6478149100257069,0.6041131105398457,tci_within_silver,2022-03-16,2020-03-04,2020-03-03,2013-04-08
0.6041131105398457,0.619452887537994,0.7299817370559946,0.5,0.7532051282051282,external_only,1,high_q75,Exog_Logistic,Exog,389,1427,1.0,0.6041131105398457,tci_within_silver,2022-03-16,2020-03-04,2020-03-03,2013-04-08
0.6041131105398457,0.6836142580823432,0.7252570413337869,0.5,0.7532051282051282,external_only,1,high_q75,Exog_RandomForestClassifier,Exog,389,1427,1.0,0.6041131105398457,tci_within_silver,2022-03-16,2020-03-04,2020-03-03,2013-04-08
0.6041131105398457,0.7328820116054159,0.8126636851096006,0.5,0.7532051282051282,external_only,1,high_q75,Exog_ExtraTreesClassifier,Exog,389,1427,1.0,0.6041131105398457,tci_within_silver,2022-03-16,2020-03-04,2020-03-03,2013-04-08
0.6169665809768637,0.6883116883116884,0.7897120677885261,0.5207101409229069,0.7561374795417347,arx_external_plus_target_lags,1,high_q75,ARX_Logistic,ARX,389,1427,0.9665809768637532,0.6041131105398457,tci_within_silver,2022-03-16,2020-03-04,2020-03-03,2013-04-08
0.8534704370179949,0.974219397623653,0.9700914625488305,0.814935064935065,0.8918406072106262,arx_external_plus_target_lags,1,high_q75,ARX_RandomForestClassifier,ARX,389,1427,0.7506426735218509,0.6041131105398457,tci_within_silver,2022-03-16,2020-03-04,2020-03-03,2013-04-08
0.6041131105398457,0.9444459795523625,0.9625845535989915,0.5,0.7532051282051282,arx_external_plus_target_lags,1,high_q75,ARX_ExtraTreesClassifier,ARX,389,1427,1.0,0.6041131105398457,tci_within_silver,2022-03-16,2020-03-04,2020-03-03,2013-04-08
0.87146529562982,0.5,0.12853470437017994,0.5,0.0,prevalence,2,high_q75,Prevalence,Prevalence,389,1816,0.0,0.12853470437017994,tci_within_silver,2024-03-12,2022-03-17,2022-03-16,2013-04-08
0.9845758354755784,0.9974631268436578,0.9822553732960217,0.9741002949852506,0.9411764705882353,target_lags,2,high_q75,AR_Logistic,AR,389,1816,0.13367609254498714,0.12853470437017994,tci_within_silver,2024-03-12,2022-03-17,2022-03-16,2013-04-08
0.570694087403599,0.11722713864306784,0.07259776314868677,0.3274336283185841,0.0,external_only,2,high_q75,Exog_Logistic,Exog,389,1816,0.30077120822622105,0.12853470437017994,tci_within_silver,2024-03-12,2022-03-17,2022-03-16,2013-04-08
0.2750642673521851,0.18277286135693216,0.07786084527388774,0.260117994100295,0.0784313725490196,external_only,2,high_q75,Exog_RandomForestClassifier,Exog,389,1816,0.6580976863753213,0.12853470437017994,tci_within_silver,2024-03-12,2022-03-17,2022-03-16,2013-04-08
0.2750642673521851,0.1974041297935103,0.08748858943942273,0.260117994100295,0.0784313725490196,external_only,2,high_q75,Exog_ExtraTreesClassifier,Exog,389,1816,0.6580976863753213,0.12853470437017994,tci_within_silver,2024-03-12,2022-03-17,2022-03-16,2013-04-08
0.7609254498714653,0.4229498525073747,0.10958028155519803,0.47920353982300884,0.09708737864077671,arx_external_plus_target_lags,2,high_q75,ARX_Logistic,ARX,389,1816,0.13624678663239073,0.12853470437017994,tci_within_silver,2024-03-12,2022-03-17,2022-03-16,2013-04-08
0.9203084832904884,0.9057817109144543,0.6487296333840405,0.851976401179941,0.7102803738317756,arx_external_plus_target_lags,2,high_q75,ARX_RandomForestClassifier,ARX,389,1816,0.14652956298200515,0.12853470437017994,tci_within_silver,2024-03-12,2022-03-17,2022-03-16,2013-04-08
0.33676092544987146,0.5146312684365781,0.12920498582415163,0.5853687315634218,0.2628571428571429,arx_external_plus_target_lags,2,high_q75,ARX_ExtraTreesClassifier,ARX,389,1816,0.7712082262210797,0.12853470437017994,tci_within_silver,2024-03-12,2022-03-17,2022-03-16,2013-04-08
0.7948717948717948,0.5,0.20512820512820512,0.5,0.0,prevalence,3,high_q75,Prevalence,Prevalence,390,2205,0.0,0.20512820512820512,tci_within_silver,2026-03-31,2024-03-13,2024-03-12,2013-04-08
0.9794871794871794,0.997741935483871,0.9915340950339494,0.9824596774193548,0.9518072289156626,target_lags,3,high_q75,AR_Logistic,AR,390,2205,0.2205128205128205,0.20512820512820512,tci_within_silver,2026-03-31,2024-03-13,2024-03-12,2013-04-08
0.8435897435897436,0.8614112903225807,0.6934812486089205,0.61875,0.3838383838383838,external_only,3,high_q75,Exog_Logistic,Exog,390,2205,0.04871794871794872,0.20512820512820512,tci_within_silver,2026-03-31,2024-03-13,2024-03-12,2013-04-08
0.5820512820512821,0.7261088709677419,0.4903258567274067,0.6536290322580645,0.4320557491289199,external_only,3,high_q75,Exog_RandomForestClassifier,Exog,390,2205,0.5307692307692308,0.20512820512820512,tci_within_silver,2026-03-31,2024-03-13,2024-03-12,2013-04-08
0.3487179487179487,0.3664516129032258,0.15588645387329333,0.5300403225806452,0.345360824742268,external_only,3,high_q75,Exog_ExtraTreesClassifier,Exog,390,2205,0.7897435897435897,0.20512820512820512,tci_within_silver,2026-03-31,2024-03-13,2024-03-12,2013-04-08
0.9487179487179487,0.9970161290322581,0.9888836439906223,0.875,0.8571428571428571,arx_external_plus_target_lags,3,high_q75,ARX_Logistic,ARX,390,2205,0.15384615384615385,0.20512820512820512,tci_within_silver,2026-03-31,2024-03-13,2024-03-12,2013-04-08
0.9615384615384616,0.9944758064516129,0.9782081683624767,0.957258064516129,0.9101796407185629,arx_external_plus_target_lags,3,high_q75,ARX_RandomForestClassifier,ARX,390,2205,0.2230769230769231,0.20512820512820512,tci_within_silver,2026-03-31,2024-03-13,2024-03-12,2013-04-08
0.764102564102564,0.9681048387096775,0.9174419016060099,0.8469758064516129,0.632,arx_external_plus_target_lags,3,high_q75,ARX_ExtraTreesClassifier,ARX,390,2205,0.4358974358974359,0.20512820512820512,tci_within_silver,2026-03-31,2024-03-13,2024-03-12,2013-04-08
0.9562982005141388,0.5,0.043701799485861184,0.5,0.0,prevalence,1,high_q90,Prevalence,Prevalence,389,1427,0.0,0.043701799485861184,tci_within_silver,2022-03-16,2020-03-04,2020-03-03,2013-04-08
0.7737789203084833,0.9968374446552815,0.8707654609903744,0.8817204301075269,0.2786885245901639,target_lags,1,high_q90,AR_Logistic,AR,389,1427,0.2699228791773779,0.043701799485861184,tci_within_silver,2022-03-16,2020-03-04,2020-03-03,2013-04-08
0.04884318766066838,0.47643896268184693,0.04173985231683943,0.5026881720430108,0.08415841584158415,external_only,1,high_q90,Exog_Logistic,Exog,389,1427,0.9948586118251928,0.043701799485861184,tci_within_silver,2022-03-16,2020-03-04,2020-03-03,2013-04-08
0.05398457583547558,0.8136464263124605,0.10765842775725791,0.5053763440860215,0.0845771144278607,external_only,1,high_q90,Exog_RandomForestClassifier,Exog,389,1427,0.9897172236503856,0.043701799485861184,tci_within_silver,2022-03-16,2020-03-04,2020-03-03,2013-04-08
0.04627249357326478,0.851122707147375,0.1656567650751474,0.5013440860215054,0.0839506172839506,external_only,1,high_q90,Exog_ExtraTreesClassifier,Exog,389,1427,0.9974293059125964,0.043701799485861184,tci_within_silver,2022-03-16,2020-03-04,2020-03-03,2013-04-08
0.09768637532133675,0.5684693232131562,0.049697581935655794,0.5282258064516129,0.0883116883116883,arx_external_plus_target_lags,1,high_q90,ARX_Logistic,ARX,389,1427,0.9460154241645244,0.043701799485861184,tci_within_silver,2022-03-16,2020-03-04,2020-03-03,2013-04-08
0.7994858611825193,0.9965211891208097,0.9293944681487933,0.8951612903225806,0.30357142857142855,arx_external_plus_target_lags,1,high_q90,ARX_RandomForestClassifier,ARX,389,1427,0.2442159383033419,0.043701799485861184,tci_within_silver,2022-03-16,2020-03-04,2020-03-03,2013-04-08
0.36503856041131105,0.9889310562934852,0.7137444349720565,0.668010752688172,0.12099644128113878,arx_external_plus_target_lags,1,high_q90,ARX_ExtraTreesClassifier,ARX,389,1427,0.6786632390745502,0.043701799485861184,tci_within_silver,2022-03-16,2020-03-04,2020-03-03,2013-04-08
0.9691516709511568,0.5,0.030848329048843187,0.5,0.0,prevalence,2,high_q90,Prevalence,Prevalence,389,1816,0.0,0.030848329048843187,tci_within_silver,2024-03-12,2022-03-17,2022-03-16,2013-04-08
0.9820051413881749,0.9986737400530504,0.9685457516339869,0.9907161803713528,0.7741935483870968,target_lags,2,high_q90,AR_Logistic,AR,389,1816,0.04884318766066838,0.030848329048843187,tci_within_silver,2024-03-12,2022-03-17,2022-03-16,2013-04-08
0.6863753213367609,0.7904509283819628,0.07059883379413565,0.8381962864721486,0.1643835616438356,external_only,2,high_q90,Exog_Logistic,Exog,389,1816,0.3444730077120823,0.030848329048843187,tci_within_silver,2024-03-12,2022-03-17,2022-03-16,2013-04-08
0.9691516709511568,0.12875773651635722,0.023212224767571656,0.5,0.0,external_only,2,high_q90,Exog_RandomForestClassifier,Exog,389,1816,0.0,0.030848329048843187,tci_within_silver,2024-03-12,2022-03-17,2022-03-16,2013-04-08
0.794344473007712,0.27276746242263483,0.026058634421078686,0.40981432360742703,0.0,external_only,2,high_q90,Exog_ExtraTreesClassifier,Exog,389,1816,0.17480719794344474,0.030848329048843187,tci_within_silver,2024-03-12,2022-03-17,2022-03-16,2013-04-08
0.9691516709511568,0.9087091069849691,0.19426643257100645,0.5,0.0,arx_external_plus_target_lags,2,high_q90,ARX_Logistic,ARX,389,1816,0.0,0.030848329048843187,tci_within_silver,2024-03-12,2022-03-17,2022-03-16,2013-04-08
0.9691516709511568,0.9255083996463307,0.4971407802563753,0.5,0.0,arx_external_plus_target_lags,2,high_q90,ARX_RandomForestClassifier,ARX,389,1816,0.0,0.030848329048843187,tci_within_silver,2024-03-12,2022-03-17,2022-03-16,2013-04-08
0.9640102827763496,0.9031830238726791,0.243273607239203,0.4973474801061008,0.0,arx_external_plus_target_lags,2,high_q90,ARX_ExtraTreesClassifier,ARX,389,1816,0.005141388174807198,0.030848329048843187,tci_within_silver,2024-03-12,2022-03-17,2022-03-16,2013-04-08
1.0,,,1.0,0.0,prevalence,3,high_q90,Prevalence,Prevalence,390,2205,0.0,0.0,tci_within_silver,2026-03-31,2024-03-13,2024-03-12,2013-04-08
0.8846153846153846,,,0.8846153846153846,0.0,target_lags,3,high_q90,AR_Logistic,AR,390,2205,0.11538461538461539,0.0,tci_within_silver,2026-03-31,2024-03-13,2024-03-12,2013-04-08
0.8205128205128205,,,0.8205128205128205,0.0,external_only,3,high_q90,Exog_Logistic,Exog,390,2205,0.1794871794871795,0.0,tci_within_silver,2026-03-31,2024-03-13,2024-03-12,2013-04-08
0.5435897435897435,,,0.5435897435897435,0.0,external_only,3,high_q90,Exog_RandomForestClassifier,Exog,390,2205,0.4564102564102564,0.0,tci_within_silver,2026-03-31,2024-03-13,2024-03-12,2013-04-08
0.24102564102564103,,,0.24102564102564103,0.0,external_only,3,high_q90,Exog_ExtraTreesClassifier,Exog,390,2205,0.7589743589743589,0.0,tci_within_silver,2026-03-31,2024-03-13,2024-03-12,2013-04-08
0.7692307692307693,,,0.7692307692307693,0.0,arx_external_plus_target_lags,3,high_q90,ARX_Logistic,ARX,390,2205,0.23076923076923078,0.0,tci_within_silver,2026-03-31,2024-03-13,2024-03-12,2013-04-08
0.9564102564102565,,,0.9564102564102565,0.0,arx_external_plus_target_lags,3,high_q90,ARX_RandomForestClassifier,ARX,390,2205,0.04358974358974359,0.0,tci_within_silver,2026-03-31,2024-03-13,2024-03-12,2013-04-08
0.8358974358974359,,,0.8358974358974359,0.0,arx_external_plus_target_lags,3,high_q90,ARX_ExtraTreesClassifier,ARX,390,2205,0.1641025641025641,0.0,tci_within_silver,2026-03-31,2024-03-13,2024-03-12,2013-04-08
1.0,,,1.0,0.0,prevalence,1,high_q75,Prevalence,Prevalence,389,1427,0.0,0.0,tci_within_platinum,2022-03-16,2020-03-04,2020-03-03,2013-04-08
1.0,,,1.0,0.0,target_lags,1,high_q75,AR_Logistic,AR,389,1427,0.0,0.0,tci_within_platinum,2022-03-16,2020-03-04,2020-03-03,2013-04-08
0.532133676092545,,,0.532133676092545,0.0,external_only,1,high_q75,Exog_Logistic,Exog,389,1427,0.46786632390745503,0.0,tci_within_platinum,2022-03-16,2020-03-04,2020-03-03,2013-04-08
1.0,,,1.0,0.0,external_only,1,high_q75,Exog_RandomForestClassifier,Exog,389,1427,0.0,0.0,tci_within_platinum,2022-03-16,2020-03-04,2020-03-03,2013-04-08
0.7172236503856041,,,0.7172236503856041,0.0,external_only,1,high_q75,Exog_ExtraTreesClassifier,Exog,389,1427,0.2827763496143959,0.0,tci_within_platinum,2022-03-16,2020-03-04,2020-03-03,2013-04-08
0.8251928020565553,,,0.8251928020565553,0.0,arx_external_plus_target_lags,1,high_q75,ARX_Logistic,ARX,389,1427,0.17480719794344474,0.0,tci_within_platinum,2022-03-16,2020-03-04,2020-03-03,2013-04-08
1.0,,,1.0,0.0,arx_external_plus_target_lags,1,high_q75,ARX_RandomForestClassifier,ARX,389,1427,0.0,0.0,tci_within_platinum,2022-03-16,2020-03-04,2020-03-03,2013-04-08
1.0,,,1.0,0.0,arx_external_plus_target_lags,1,high_q75,ARX_ExtraTreesClassifier,ARX,389,1427,0.0,0.0,tci_within_platinum,2022-03-16,2020-03-04,2020-03-03,2013-04-08
1.0,,,1.0,0.0,prevalence,2,high_q75,Prevalence,Prevalence,389,1816,0.0,0.0,tci_within_platinum,2024-03-12,2022-03-17,2022-03-16,2013-04-08
0.9820051413881749,,,0.9820051413881749,0.0,target_lags,2,high_q75,AR_Logistic,AR,389,1816,0.017994858611825194,0.0,tci_within_platinum,2024-03-12,2022-03-17,2022-03-16,2013-04-08
0.04627249357326478,,,0.04627249357326478,0.0,external_only,2,high_q75,Exog_Logistic,Exog,389,1816,0.9537275064267352,0.0,tci_within_platinum,2024-03-12,2022-03-17,2022-03-16,2013-04-08
0.4832904884318766,,,0.4832904884318766,0.0,external_only,2,high_q75,Exog_RandomForestClassifier,Exog,389,1816,0.5167095115681234,0.0,tci_within_platinum,2024-03-12,2022-03-17,2022-03-16,2013-04-08
0.39845758354755784,,,0.39845758354755784,0.0,external_only,2,high_q75,Exog_ExtraTreesClassifier,Exog,389,1816,0.6015424164524421,0.0,tci_within_platinum,2024-03-12,2022-03-17,2022-03-16,2013-04-08
0.16966580976863754,,,0.16966580976863754,0.0,arx_external_plus_target_lags,2,high_q75,ARX_Logistic,ARX,389,1816,0.8303341902313625,0.0,tci_within_platinum,2024-03-12,2022-03-17,2022-03-16,2013-04-08
0.9511568123393316,,,0.9511568123393316,0.0,arx_external_plus_target_lags,2,high_q75,ARX_RandomForestClassifier,ARX,389,1816,0.04884318766066838,0.0,tci_within_platinum,2024-03-12,2022-03-17,2022-03-16,2013-04-08
0.9511568123393316,,,0.9511568123393316,0.0,arx_external_plus_target_lags,2,high_q75,ARX_ExtraTreesClassifier,ARX,389,1816,0.04884318766066838,0.0,tci_within_platinum,2024-03-12,2022-03-17,2022-03-16,2013-04-08
1.0,,,1.0,0.0,prevalence,3,high_q75,Prevalence,Prevalence,390,2205,0.0,0.0,tci_within_platinum,2026-03-31,2024-03-13,2024-03-12,2013-04-08
0.9974358974358974,,,0.9974358974358974,0.0,target_lags,3,high_q75,AR_Logistic,AR,390,2205,0.002564102564102564,0.0,tci_within_platinum,2026-03-31,2024-03-13,2024-03-12,2013-04-08
0.7282051282051282,,,0.7282051282051282,0.0,external_only,3,high_q75,Exog_Logistic,Exog,390,2205,0.2717948717948718,0.0,tci_within_platinum,2026-03-31,2024-03-13,2024-03-12,2013-04-08
1.0,,,1.0,0.0,external_only,3,high_q75,Exog_RandomForestClassifier,Exog,390,2205,0.0,0.0,tci_within_platinum,2026-03-31,2024-03-13,2024-03-12,2013-04-08
1.0,,,1.0,0.0,external_only,3,high_q75,Exog_ExtraTreesClassifier,Exog,390,2205,0.0,0.0,tci_within_platinum,2026-03-31,2024-03-13,2024-03-12,2013-04-08
0.9538461538461539,,,0.9538461538461539,0.0,arx_external_plus_target_lags,3,high_q75,ARX_Logistic,ARX,390,2205,0.046153846153846156,0.0,tci_within_platinum,2026-03-31,2024-03-13,2024-03-12,2013-04-08
0.9846153846153847,,,0.9846153846153847,0.0,arx_external_plus_target_lags,3,high_q75,ARX_RandomForestClassifier,ARX,390,2205,0.015384615384615385,0.0,tci_within_platinum,2026-03-31,2024-03-13,2024-03-12,2013-04-08
0.982051282051282,,,0.982051282051282,0.0,arx_external_plus_target_lags,3,high_q75,ARX_ExtraTreesClassifier,ARX,390,2205,0.017948717948717947,0.0,tci_within_platinum,2026-03-31,2024-03-13,2024-03-12,2013-04-08
1.0,,,1.0,0.0,prevalence,1,high_q90,Prevalence,Prevalence,389,1427,0.0,0.0,tci_within_platinum,2022-03-16,2020-03-04,2020-03-03,2013-04-08
1.0,,,1.0,0.0,target_lags,1,high_q90,AR_Logistic,AR,389,1427,0.0,0.0,tci_within_platinum,2022-03-16,2020-03-04,2020-03-03,2013-04-08
0.9511568123393316,,,0.9511568123393316,0.0,external_only,1,high_q90,Exog_Logistic,Exog,389,1427,0.04884318766066838,0.0,tci_within_platinum,2022-03-16,2020-03-04,2020-03-03,2013-04-08
1.0,,,1.0,0.0,external_only,1,high_q90,Exog_RandomForestClassifier,Exog,389,1427,0.0,0.0,tci_within_platinum,2022-03-16,2020-03-04,2020-03-03,2013-04-08
1.0,,,1.0,0.0,external_only,1,high_q90,Exog_ExtraTreesClassifier,Exog,389,1427,0.0,0.0,tci_within_platinum,2022-03-16,2020-03-04,2020-03-03,2013-04-08
0.9845758354755784,,,0.9845758354755784,0.0,arx_external_plus_target_lags,1,high_q90,ARX_Logistic,ARX,389,1427,0.015424164524421594,0.0,tci_within_platinum,2022-03-16,2020-03-04,2020-03-03,2013-04-08
1.0,,,1.0,0.0,arx_external_plus_target_lags,1,high_q90,ARX_RandomForestClassifier,ARX,389,1427,0.0,0.0,tci_within_platinum,2022-03-16,2020-03-04,2020-03-03,2013-04-08
1.0,,,1.0,0.0,arx_external_plus_target_lags,1,high_q90,ARX_ExtraTreesClassifier,ARX,389,1427,0.0,0.0,tci_within_platinum,2022-03-16,2020-03-04,2020-03-03,2013-04-08
1.0,,,1.0,0.0,prevalence,2,high_q90,Prevalence,Prevalence,389,1816,0.0,0.0,tci_within_platinum,2024-03-12,2022-03-17,2022-03-16,2013-04-08
1.0,,,1.0,0.0,target_lags,2,high_q90,AR_Logistic,AR,389,1816,0.0,0.0,tci_within_platinum,2024-03-12,2022-03-17,2022-03-16,2013-04-08
0.03598971722365039,,,0.03598971722365039,0.0,external_only,2,high_q90,Exog_Logistic,Exog,389,1816,0.9640102827763496,0.0,tci_within_platinum,2024-03-12,2022-03-17,2022-03-16,2013-04-08
1.0,,,1.0,0.0,external_only,2,high_q90,Exog_RandomForestClassifier,Exog,389,1816,0.0,0.0,tci_within_platinum,2024-03-12,2022-03-17,2022-03-16,2013-04-08
0.09254498714652956,,,0.09254498714652956,0.0,external_only,2,high_q90,Exog_ExtraTreesClassifier,Exog,389,1816,0.9074550128534704,0.0,tci_within_platinum,2024-03-12,2022-03-17,2022-03-16,2013-04-08
0.04627249357326478,,,0.04627249357326478,0.0,arx_external_plus_target_lags,2,high_q90,ARX_Logistic,ARX,389,1816,0.9537275064267352,0.0,tci_within_platinum,2024-03-12,2022-03-17,2022-03-16,2013-04-08
1.0,,,1.0,0.0,arx_external_plus_target_lags,2,high_q90,ARX_RandomForestClassifier,ARX,389,1816,0.0,0.0,tci_within_platinum,2024-03-12,2022-03-17,2022-03-16,2013-04-08
0.9768637532133676,,,0.9768637532133676,0.0,arx_external_plus_target_lags,2,high_q90,ARX_ExtraTreesClassifier,ARX,389,1816,0.02313624678663239,0.0,tci_within_platinum,2024-03-12,2022-03-17,2022-03-16,2013-04-08
1.0,,,1.0,0.0,prevalence,3,high_q90,Prevalence,Prevalence,390,2205,0.0,0.0,tci_within_platinum,2026-03-31,2024-03-13,2024-03-12,2013-04-08
1.0,,,1.0,0.0,target_lags,3,high_q90,AR_Logistic,AR,390,2205,0.0,0.0,tci_within_platinum,2026-03-31,2024-03-13,2024-03-12,2013-04-08
1.0,,,1.0,0.0,external_only,3,high_q90,Exog_Logistic,Exog,390,2205,0.0,0.0,tci_within_platinum,2026-03-31,2024-03-13,2024-03-12,2013-04-08
1.0,,,1.0,0.0,external_only,3,high_q90,Exog_RandomForestClassifier,Exog,390,2205,0.0,0.0,tci_within_platinum,2026-03-31,2024-03-13,2024-03-12,2013-04-08
1.0,,,1.0,0.0,external_only,3,high_q90,Exog_ExtraTreesClassifier,Exog,390,2205,0.0,0.0,tci_within_platinum,2026-03-31,2024-03-13,2024-03-12,2013-04-08
1.0,,,1.0,0.0,arx_external_plus_target_lags,3,high_q90,ARX_Logistic,ARX,390,2205,0.0,0.0,tci_within_platinum,2026-03-31,2024-03-13,2024-03-12,2013-04-08
1.0,,,1.0,0.0,arx_external_plus_target_lags,3,high_q90,ARX_RandomForestClassifier,ARX,390,2205,0.0,0.0,tci_within_platinum,2026-03-31,2024-03-13,2024-03-12,2013-04-08
1.0,,,1.0,0.0,arx_external_plus_target_lags,3,high_q90,ARX_ExtraTreesClassifier,ARX,390,2205,0.0,0.0,tci_within_platinum,2026-03-31,2024-03-13,2024-03-12,2013-04-08
0.8354755784061697,0.5,0.16452442159383032,0.5,0.0,prevalence,1,high_q75,Prevalence,Prevalence,389,1427,0.0,0.16452442159383032,tci_within_palladium,2022-03-16,2020-03-04,2020-03-03,2013-04-08
0.9897172236503856,1.0,1.0,0.9938461538461538,0.9696969696969697,target_lags,1,high_q75,AR_Logistic,AR,389,1427,0.17480719794344474,0.16452442159383032,tci_within_palladium,2022-03-16,2020-03-04,2020-03-03,2013-04-08
0.6915167095115681,0.13048076923076923,0.09460379796119556,0.41384615384615386,0.0,external_only,1,high_q75,Exog_Logistic,Exog,389,1427,0.14395886889460155,0.16452442159383032,tci_within_palladium,2022-03-16,2020-03-04,2020-03-03,2013-04-08
0.8354755784061697,0.03254807692307693,0.1198597645844167,0.5,0.0,external_only,1,high_q75,Exog_RandomForestClassifier,Exog,389,1427,0.0,0.16452442159383032,tci_within_palladium,2022-03-16,2020-03-04,2020-03-03,2013-04-08
0.8354755784061697,0.23384615384615387,0.11754432074977984,0.5,0.0,external_only,1,high_q75,Exog_ExtraTreesClassifier,Exog,389,1427,0.0,0.16452442159383032,tci_within_palladium,2022-03-16,2020-03-04,2020-03-03,2013-04-08
0.9331619537275064,0.9556730769230769,0.6416809018880966,0.890985576923077,0.8030303030303031,arx_external_plus_target_lags,1,high_q75,ARX_Logistic,ARX,389,1427,0.17480719794344474,0.16452442159383032,tci_within_palladium,2022-03-16,2020-03-04,2020-03-03,2013-04-08
0.8354755784061697,0.9961778846153847,0.9913194444444444,0.5,0.0,arx_external_plus_target_lags,1,high_q75,ARX_RandomForestClassifier,ARX,389,1427,0.0,0.16452442159383032,tci_within_palladium,2022-03-16,2020-03-04,2020-03-03,2013-04-08
0.8354755784061697,0.9982692307692308,0.9919642857142857,0.5,0.0,arx_external_plus_target_lags,1,high_q75,ARX_ExtraTreesClassifier,ARX,389,1427,0.0,0.16452442159383032,tci_within_palladium,2022-03-16,2020-03-04,2020-03-03,2013-04-08
0.7403598971722365,0.5,0.2596401028277635,0.5,0.0,prevalence,2,high_q75,Prevalence,Prevalence,389,1816,0.0,0.2596401028277635,tci_within_palladium,2024-03-12,2022-03-17,2022-03-16,2013-04-08
0.9897172236503856,1.0,1.0,0.9930555555555556,0.9805825242718447,target_lags,2,high_q75,AR_Logistic,AR,389,1816,0.2699228791773779,0.2596401028277635,tci_within_palladium,2024-03-12,2022-03-17,2022-03-16,2013-04-08
0.8791773778920309,0.9971465896589659,0.9940504270835108,0.7673267326732673,0.6967741935483871,external_only,2,high_q75,Exog_Logistic,Exog,389,1816,0.13881748071979436,0.2596401028277635,tci_within_palladium,2024-03-12,2022-03-17,2022-03-16,2013-04-08
0.5295629820051414,0.9306071232123213,0.8404604966530653,0.6822916666666666,0.5246753246753246,external_only,2,high_q75,Exog_RandomForestClassifier,Exog,389,1816,0.7300771208226221,0.2596401028277635,tci_within_palladium,2024-03-12,2022-03-17,2022-03-16,2013-04-08
0.7429305912596401,0.7893117436743675,0.5386234922981363,0.504950495049505,0.0196078431372549,external_only,2,high_q75,Exog_ExtraTreesClassifier,Exog,389,1816,0.002570694087403599,0.2596401028277635,tci_within_palladium,2024-03-12,2022-03-17,2022-03-16,2013-04-08
0.9511568123393316,0.9997593509350935,0.9993359326592103,0.9670138888888888,0.9140271493212669,arx_external_plus_target_lags,2,high_q75,ARX_Logistic,ARX,389,1816,0.30848329048843187,0.2596401028277635,tci_within_palladium,2024-03-12,2022-03-17,2022-03-16,2013-04-08
0.9948586118251928,0.9999999999999999,1.0,0.9965277777777778,0.9901960784313726,arx_external_plus_target_lags,2,high_q75,ARX_RandomForestClassifier,ARX,389,1816,0.2647814910025707,0.2596401028277635,tci_within_palladium,2024-03-12,2022-03-17,2022-03-16,2013-04-08
0.9845758354755784,0.9998968646864685,0.999705891963687,0.9895833333333333,0.9711538461538461,arx_external_plus_target_lags,2,high_q75,ARX_ExtraTreesClassifier,ARX,389,1816,0.2750642673521851,0.2596401028277635,tci_within_palladium,2024-03-12,2022-03-17,2022-03-16,2013-04-08
0.7564102564102564,0.5,0.24358974358974358,0.5,0.0,prevalence,3,high_q75,Prevalence,Prevalence,390,2205,0.0,0.24358974358974358,tci_within_palladium,2026-03-31,2024-03-13,2024-03-12,2013-04-08
0.9666666666666667,0.999964317573595,0.999890350877193,0.9779661016949153,0.9359605911330049,target_lags,3,high_q75,AR_Logistic,AR,390,2205,0.27692307692307694,0.24358974358974358,tci_within_palladium,2026-03-31,2024-03-13,2024-03-12,2013-04-08
0.7564102564102564,0.7476538804638715,0.3620886983947552,0.5,0.0,external_only,3,high_q75,Exog_Logistic,Exog,390,2205,0.0,0.24358974358974358,tci_within_palladium,2026-03-31,2024-03-13,2024-03-12,2013-04-08
0.7564102564102564,0.3650490633363068,0.18620178350836258,0.5,0.0,external_only,3,high_q75,Exog_RandomForestClassifier,Exog,390,2205,0.0,0.24358974358974358,tci_within_palladium,2026-03-31,2024-03-13,2024-03-12,2013-04-08
0.7564102564102564,0.16098126672613738,0.16506914073366946,0.5,0.0,external_only,3,high_q75,Exog_ExtraTreesClassifier,Exog,390,2205,0.0,0.24358974358974358,tci_within_palladium,2026-03-31,2024-03-13,2024-03-12,2013-04-08
0.8435897435897436,0.984049955396967,0.9478920742948861,0.6789473684210526,0.5271317829457365,arx_external_plus_target_lags,3,high_q75,ARX_Logistic,ARX,390,2205,0.08717948717948718,0.24358974358974358,tci_within_palladium,2026-03-31,2024-03-13,2024-03-12,2013-04-08
0.8948717948717949,0.9992863514719001,0.9976177835215856,0.7842105263157895,0.7248322147651006,arx_external_plus_target_lags,3,high_q75,ARX_RandomForestClassifier,ARX,390,2205,0.13846153846153847,0.24358974358974358,tci_within_palladium,2026-03-31,2024-03-13,2024-03-12,2013-04-08
0.7564102564102564,0.9948260481712756,0.9825172957803173,0.5,0.0,arx_external_plus_target_lags,3,high_q75,ARX_ExtraTreesClassifier,ARX,390,2205,0.0,0.24358974358974358,tci_within_palladium,2026-03-31,2024-03-13,2024-03-12,2013-04-08
0.8740359897172236,0.5,0.12596401028277635,0.5,0.0,prevalence,1,high_q90,Prevalence,Prevalence,389,1427,0.0,0.12596401028277635,tci_within_palladium,2022-03-16,2020-03-04,2020-03-03,2013-04-08
0.9845758354755784,1.0,1.0,0.9911764705882353,0.9423076923076923,target_lags,1,high_q90,AR_Logistic,AR,389,1427,0.14138817480719795,0.12596401028277635,tci_within_palladium,2022-03-16,2020-03-04,2020-03-03,2013-04-08
0.7043701799485861,0.40336134453781514,0.10204378486816834,0.40294117647058825,0.0,external_only,1,high_q90,Exog_Logistic,Exog,389,1427,0.16966580976863754,0.12596401028277635,tci_within_palladium,2022-03-16,2020-03-04,2020-03-03,2013-04-08
0.8740359897172236,0.46758703481392555,0.14363587003047548,0.5,0.0,external_only,1,high_q90,Exog_RandomForestClassifier,Exog,389,1427,0.0,0.12596401028277635,tci_within_palladium,2022-03-16,2020-03-04,2020-03-03,2013-04-08
0.8740359897172236,0.23181272509003603,0.10922105516695846,0.5,0.0,external_only,1,high_q90,Exog_ExtraTreesClassifier,Exog,389,1427,0.0,0.12596401028277635,tci_within_palladium,2022-03-16,2020-03-04,2020-03-03,2013-04-08
0.961439588688946,0.990516206482593,0.9362439957804345,0.9517406962785114,0.8598130841121495,arx_external_plus_target_lags,1,high_q90,ARX_Logistic,ARX,389,1427,0.14910025706940874,0.12596401028277635,tci_within_palladium,2022-03-16,2020-03-04,2020-03-03,2013-04-08
0.8740359897172236,0.9999999999999998,1.0,0.5,0.0,arx_external_plus_target_lags,1,high_q90,ARX_RandomForestClassifier,ARX,389,1427,0.0,0.12596401028277635,tci_within_palladium,2022-03-16,2020-03-04,2020-03-03,2013-04-08
0.8740359897172236,0.9999999999999999,1.0,0.5,0.0,arx_external_plus_target_lags,1,high_q90,ARX_ExtraTreesClassifier,ARX,389,1427,0.0,0.12596401028277635,tci_within_palladium,2022-03-16,2020-03-04,2020-03-03,2013-04-08
0.794344473007712,0.5,0.20565552699228792,0.5,0.0,prevalence,2,high_q90,Prevalence,Prevalence,389,1816,0.0,0.20565552699228792,tci_within_palladium,2024-03-12,2022-03-17,2022-03-16,2013-04-08
0.974293059125964,1.0,1.0,0.9838187702265373,0.9411764705882353,target_lags,2,high_q90,AR_Logistic,AR,389,1816,0.23136246786632392,0.20565552699228792,tci_within_palladium,2024-03-12,2022-03-17,2022-03-16,2013-04-08
0.8997429305912596,0.9710355987055016,0.8970133531576346,0.7794093851132686,0.7022900763358777,external_only,2,high_q90,Exog_Logistic,Exog,389,1816,0.13110539845758354,0.20565552699228792,tci_within_palladium,2024-03-12,2022-03-17,2022-03-16,2013-04-08
0.7789203084832905,0.9053398058252426,0.7352665730062732,0.7959951456310679,0.6055045871559632,external_only,2,high_q90,Exog_RandomForestClassifier,Exog,389,1816,0.35475578406169667,0.20565552699228792,tci_within_palladium,2024-03-12,2022-03-17,2022-03-16,2013-04-08
0.87146529562982,0.916039644012945,0.7568621376266594,0.6921318770226538,0.5535714285714286,external_only,2,high_q90,Exog_ExtraTreesClassifier,Exog,389,1816,0.08226221079691516,0.20565552699228792,tci_within_palladium,2024-03-12,2022-03-17,2022-03-16,2013-04-08
0.8149100257069408,0.9718446601941747,0.9095370786224978,0.883495145631068,0.6896551724137931,arx_external_plus_target_lags,2,high_q90,ARX_Logistic,ARX,389,1816,0.390745501285347,0.20565552699228792,tci_within_palladium,2024-03-12,2022-03-17,2022-03-16,2013-04-08
0.9691516709511568,0.9950647249190938,0.9805499680652398,0.9805825242718447,0.9302325581395349,arx_external_plus_target_lags,2,high_q90,ARX_RandomForestClassifier,ARX,389,1816,0.2365038560411311,0.20565552699228792,tci_within_palladium,2024-03-12,2022-03-17,2022-03-16,2013-04-08
0.9331619537275064,1.0,1.0,0.9579288025889967,0.8602150537634409,arx_external_plus_target_lags,2,high_q90,ARX_ExtraTreesClassifier,ARX,389,1816,0.27249357326478146,0.20565552699228792,tci_within_palladium,2024-03-12,2022-03-17,2022-03-16,2013-04-08
1.0,,,1.0,0.0,prevalence,3,high_q90,Prevalence,Prevalence,390,2205,0.0,0.0,tci_within_palladium,2026-03-31,2024-03-13,2024-03-12,2013-04-08
0.9307692307692308,,,0.9307692307692308,0.0,target_lags,3,high_q90,AR_Logistic,AR,390,2205,0.06923076923076923,0.0,tci_within_palladium,2026-03-31,2024-03-13,2024-03-12,2013-04-08
0.9897435897435898,,,0.9897435897435898,0.0,external_only,3,high_q90,Exog_Logistic,Exog,390,2205,0.010256410256410256,0.0,tci_within_palladium,2026-03-31,2024-03-13,2024-03-12,2013-04-08
1.0,,,1.0,0.0,external_only,3,high_q90,Exog_RandomForestClassifier,Exog,390,2205,0.0,0.0,tci_within_palladium,2026-03-31,2024-03-13,2024-03-12,2013-04-08
1.0,,,1.0,0.0,external_only,3,high_q90,Exog_ExtraTreesClassifier,Exog,390,2205,0.0,0.0,tci_within_palladium,2026-03-31,2024-03-13,2024-03-12,2013-04-08
0.9025641025641026,,,0.9025641025641026,0.0,arx_external_plus_target_lags,3,high_q90,ARX_Logistic,ARX,390,2205,0.09743589743589744,0.0,tci_within_palladium,2026-03-31,2024-03-13,2024-03-12,2013-04-08
1.0,,,1.0,0.0,arx_external_plus_target_lags,3,high_q90,ARX_RandomForestClassifier,ARX,390,2205,0.0,0.0,tci_within_palladium,2026-03-31,2024-03-13,2024-03-12,2013-04-08
1.0,,,1.0,0.0,arx_external_plus_target_lags,3,high_q90,ARX_ExtraTreesClassifier,ARX,390,2205,0.0,0.0,tci_within_palladium,2026-03-31,2024-03-13,2024-03-12,2013-04-08
