feature_set,fold,mae,model,model_family,n_test,n_train,r2,rmse,target,test_end,test_start,test_std,train_end,train_start
mean_baseline,1,3.6061635458254533,Mean,Mean,389,1427,-0.4667765866585003,4.1696633933014935,tci_same_scale_STC,2022-03-16,2020-03-04,3.442857220776137,2020-03-03,2013-04-08
target_lags,1,0.24347643317850345,AR_Ridge,AR,389,1427,0.9885056719396433,0.36911424543363786,tci_same_scale_STC,2022-03-16,2020-03-04,3.442857220776137,2020-03-03,2013-04-08
external_only,1,5.9622243243239375,Exog_Ridge,Exog,389,1427,-2.7467638463320783,6.664186966180151,tci_same_scale_STC,2022-03-16,2020-03-04,3.442857220776137,2020-03-03,2013-04-08
arx_external_plus_target_lags,1,1.1799756403468507,ARX_Ridge,ARX,389,1427,0.8473082054444679,1.3453239137315884,tci_same_scale_STC,2022-03-16,2020-03-04,3.442857220776137,2020-03-03,2013-04-08
external_only,1,5.879159015861777,Exog_ElasticNet,Exog,389,1427,-2.8342922342658103,6.741578833712661,tci_same_scale_STC,2022-03-16,2020-03-04,3.442857220776137,2020-03-03,2013-04-08
arx_external_plus_target_lags,1,0.573583226131084,ARX_ElasticNet,ARX,389,1427,0.9604106347013148,0.6850279347786576,tci_same_scale_STC,2022-03-16,2020-03-04,3.442857220776137,2020-03-03,2013-04-08
external_only,1,6.69382158138787,Exog_RandomForest,Exog,389,1427,-3.8344991567780307,7.569980430711769,tci_same_scale_STC,2022-03-16,2020-03-04,3.442857220776137,2020-03-03,2013-04-08
arx_external_plus_target_lags,1,5.386053402028083,ARX_RandomForest,ARX,389,1427,-2.1198594056224964,6.081161313970933,tci_same_scale_STC,2022-03-16,2020-03-04,3.442857220776137,2020-03-03,2013-04-08
external_only,1,6.519646968176067,Exog_ExtraTrees,Exog,389,1427,-3.583322064897806,7.370707895291945,tci_same_scale_STC,2022-03-16,2020-03-04,3.442857220776137,2020-03-03,2013-04-08
arx_external_plus_target_lags,1,5.516294569430921,ARX_ExtraTrees,ARX,389,1427,-2.1692943448534354,6.129150708145156,tci_same_scale_STC,2022-03-16,2020-03-04,3.442857220776137,2020-03-03,2013-04-08
mean_baseline,2,6.144223076080284,Mean,Mean,389,1816,-80.26730095260983,6.1823781188775095,tci_same_scale_STC,2024-03-12,2022-03-17,0.6858002596514201,2022-03-16,2013-04-08
target_lags,2,0.09217817503798174,AR_Ridge,AR,389,1816,0.9598737319748682,0.13737636796460514,tci_same_scale_STC,2024-03-12,2022-03-17,0.6858002596514201,2022-03-16,2013-04-08
external_only,2,8.508634569842304,Exog_Ridge,Exog,389,1816,-190.11498318285007,9.480800619274188,tci_same_scale_STC,2024-03-12,2022-03-17,0.6858002596514201,2022-03-16,2013-04-08
arx_external_plus_target_lags,2,0.7491010375138767,ARX_Ridge,ARX,389,1816,-0.6382924019992893,0.8777955073739847,tci_same_scale_STC,2024-03-12,2022-03-17,0.6858002596514201,2022-03-16,2013-04-08
external_only,2,8.086415589071272,Exog_ElasticNet,Exog,389,1816,-167.79919759812532,8.910105249705833,tci_same_scale_STC,2024-03-12,2022-03-17,0.6858002596514201,2022-03-16,2013-04-08
arx_external_plus_target_lags,2,0.28351009742235844,ARX_ElasticNet,ARX,389,1816,0.7605513700468127,0.3355859913823603,tci_same_scale_STC,2024-03-12,2022-03-17,0.6858002596514201,2022-03-16,2013-04-08
external_only,2,5.343317271416328,Exog_RandomForest,Exog,389,1816,-63.800807396046864,5.520619991075272,tci_same_scale_STC,2024-03-12,2022-03-17,0.6858002596514201,2022-03-16,2013-04-08
arx_external_plus_target_lags,2,2.9952520602488977,ARX_RandomForest,ARX,389,1816,-19.479363801717447,3.1035294847736075,tci_same_scale_STC,2024-03-12,2022-03-17,0.6858002596514201,2022-03-16,2013-04-08
external_only,2,6.986114274612882,Exog_ExtraTrees,Exog,389,1816,-105.2075307112672,7.06765433853456,tci_same_scale_STC,2024-03-12,2022-03-17,0.6858002596514201,2022-03-16,2013-04-08
arx_external_plus_target_lags,2,4.224026576454918,ARX_ExtraTrees,ARX,389,1816,-38.39160940317812,4.3042700154136915,tci_same_scale_STC,2024-03-12,2022-03-17,0.6858002596514201,2022-03-16,2013-04-08
mean_baseline,3,3.6941465294270808,Mean,Mean,390,2205,-0.08413818910530302,4.155543792879576,tci_same_scale_STC,2026-03-31,2024-03-13,3.9910350515692863,2024-03-12,2013-04-08
target_lags,3,0.21790188703291288,AR_Ridge,AR,390,2205,0.9851967096059616,0.4855843388842046,tci_same_scale_STC,2026-03-31,2024-03-13,3.9910350515692863,2024-03-12,2013-04-08
external_only,3,5.427791643686914,Exog_Ridge,Exog,390,2205,-1.5559912083216894,6.380654364871402,tci_same_scale_STC,2026-03-31,2024-03-13,3.9910350515692863,2024-03-12,2013-04-08
arx_external_plus_target_lags,3,0.6046584165715312,ARX_Ridge,ARX,390,2205,0.9457129870815062,0.9298941485939461,tci_same_scale_STC,2026-03-31,2024-03-13,3.9910350515692863,2024-03-12,2013-04-08
external_only,3,5.443999804603361,Exog_ElasticNet,Exog,390,2205,-1.7370221263549355,6.602747602266605,tci_same_scale_STC,2026-03-31,2024-03-13,3.9910350515692863,2024-03-12,2013-04-08
arx_external_plus_target_lags,3,0.4088592024248461,ARX_ElasticNet,ARX,390,2205,0.9672169405088731,0.7226205083862877,tci_same_scale_STC,2026-03-31,2024-03-13,3.9910350515692863,2024-03-12,2013-04-08
external_only,3,2.478192175884715,Exog_RandomForest,Exog,390,2205,-0.022841357263623907,4.036358031954021,tci_same_scale_STC,2026-03-31,2024-03-13,3.9910350515692863,2024-03-12,2013-04-08
arx_external_plus_target_lags,3,1.9291682831374088,ARX_RandomForest,ARX,390,2205,0.4871643699710686,2.8580816883713083,tci_same_scale_STC,2026-03-31,2024-03-13,3.9910350515692863,2024-03-12,2013-04-08
external_only,3,2.5964982814259914,Exog_ExtraTrees,Exog,390,2205,-0.08192367954868751,4.151297472762597,tci_same_scale_STC,2026-03-31,2024-03-13,3.9910350515692863,2024-03-12,2013-04-08
arx_external_plus_target_lags,3,2.054996828910313,ARX_ExtraTrees,ARX,390,2205,0.33489525638029327,3.25484689574836,tci_same_scale_STC,2026-03-31,2024-03-13,3.9910350515692863,2024-03-12,2013-04-08
mean_baseline,1,6.421905089057247,Mean,Mean,389,1427,-4.765612113217253,7.025887473688601,tci_same_scale_MTC,2022-03-16,2020-03-04,2.926028009651758,2020-03-03,2013-04-08
target_lags,1,0.12177677306203999,AR_Ridge,AR,389,1427,0.9957307171899156,0.19118593595723046,tci_same_scale_MTC,2022-03-16,2020-03-04,2.926028009651758,2020-03-03,2013-04-08
external_only,1,8.856458585231929,Exog_Ridge,Exog,389,1427,-14.395539142280516,11.480899895339544,tci_same_scale_MTC,2022-03-16,2020-03-04,2.926028009651758,2020-03-03,2013-04-08
arx_external_plus_target_lags,1,0.77445370144454,ARX_Ridge,ARX,389,1427,0.8691951016113753,1.0582553750843107,tci_same_scale_MTC,2022-03-16,2020-03-04,2.926028009651758,2020-03-03,2013-04-08
external_only,1,8.076093116692586,Exog_ElasticNet,Exog,389,1427,-11.273405610658324,10.250877003843277,tci_same_scale_MTC,2022-03-16,2020-03-04,2.926028009651758,2020-03-03,2013-04-08
arx_external_plus_target_lags,1,0.21165654678233814,ARX_ElasticNet,ARX,389,1427,0.9910848884163718,0.27627518014765157,tci_same_scale_MTC,2022-03-16,2020-03-04,2.926028009651758,2020-03-03,2013-04-08
external_only,1,2.3707540017822,Exog_RandomForest,Exog,389,1427,-0.22161901635026449,3.2340473294604,tci_same_scale_MTC,2022-03-16,2020-03-04,2.926028009651758,2020-03-03,2013-04-08
arx_external_plus_target_lags,1,1.9222090619106016,ARX_RandomForest,ARX,389,1427,0.2939775140035553,2.4585992548137834,tci_same_scale_MTC,2022-03-16,2020-03-04,2.926028009651758,2020-03-03,2013-04-08
external_only,1,2.2646827148682847,Exog_ExtraTrees,Exog,389,1427,-0.07308053280859617,3.0310607251989357,tci_same_scale_MTC,2022-03-16,2020-03-04,2.926028009651758,2020-03-03,2013-04-08
arx_external_plus_target_lags,1,1.8138860244395913,ARX_ExtraTrees,ARX,389,1427,0.2693461880522826,2.5011187175246175,tci_same_scale_MTC,2022-03-16,2020-03-04,2.926028009651758,2020-03-03,2013-04-08
mean_baseline,2,4.342435469729372,Mean,Mean,389,1816,-2.6331214214099883,5.06446514286367,tci_same_scale_MTC,2024-03-12,2022-03-17,2.6570126990566743,2022-03-16,2013-04-08
target_lags,2,0.06181001841678085,AR_Ridge,AR,389,1816,0.9990393141211636,0.08235393089438085,tci_same_scale_MTC,2024-03-12,2022-03-17,2.6570126990566743,2022-03-16,2013-04-08
external_only,2,5.657029361601886,Exog_Ridge,Exog,389,1816,-5.170739882038792,6.600278331799087,tci_same_scale_MTC,2024-03-12,2022-03-17,2.6570126990566743,2022-03-16,2013-04-08
arx_external_plus_target_lags,2,0.2811581883578943,ARX_Ridge,ARX,389,1816,0.9814542212026683,0.36183966098900466,tci_same_scale_MTC,2024-03-12,2022-03-17,2.6570126990566743,2022-03-16,2013-04-08
external_only,2,4.6441764036314765,Exog_ElasticNet,Exog,389,1816,-3.2870312043065804,5.50138390370618,tci_same_scale_MTC,2024-03-12,2022-03-17,2.6570126990566743,2022-03-16,2013-04-08
arx_external_plus_target_lags,2,0.10161055179673807,ARX_ElasticNet,ARX,389,1816,0.9975474433953457,0.13158401987795418,tci_same_scale_MTC,2024-03-12,2022-03-17,2.6570126990566743,2022-03-16,2013-04-08
external_only,2,3.8156494576420634,Exog_RandomForest,Exog,389,1816,-2.063002628367145,4.650153776252772,tci_same_scale_MTC,2024-03-12,2022-03-17,2.6570126990566743,2022-03-16,2013-04-08
arx_external_plus_target_lags,2,2.582451553364154,ARX_RandomForest,ARX,389,1816,-0.5234075272552097,3.2794550203366595,tci_same_scale_MTC,2024-03-12,2022-03-17,2.6570126990566743,2022-03-16,2013-04-08
external_only,2,3.107544722273898,Exog_ExtraTrees,Exog,389,1816,-0.9413171605702952,3.7020465633361184,tci_same_scale_MTC,2024-03-12,2022-03-17,2.6570126990566743,2022-03-16,2013-04-08
arx_external_plus_target_lags,2,2.941793861174353,ARX_ExtraTrees,ARX,389,1816,-0.820492437798152,3.5849910000175162,tci_same_scale_MTC,2024-03-12,2022-03-17,2.6570126990566743,2022-03-16,2013-04-08
mean_baseline,3,4.479722302807426,Mean,Mean,390,2205,-0.7215655540498489,5.69422052784837,tci_same_scale_MTC,2026-03-31,2024-03-13,4.339827829178765,2024-03-12,2013-04-08
target_lags,3,0.08980728752135107,AR_Ridge,AR,390,2205,0.9989743282186277,0.1389878074792338,tci_same_scale_MTC,2026-03-31,2024-03-13,4.339827829178765,2024-03-12,2013-04-08
external_only,3,5.9387623946228905,Exog_Ridge,Exog,390,2205,-1.331686347784176,6.626856484769695,tci_same_scale_MTC,2026-03-31,2024-03-13,4.339827829178765,2024-03-12,2013-04-08
arx_external_plus_target_lags,3,0.19169439862663148,ARX_Ridge,ARX,390,2205,0.9963421926745195,0.2624719592350554,tci_same_scale_MTC,2026-03-31,2024-03-13,4.339827829178765,2024-03-12,2013-04-08
external_only,3,5.457178739454864,Exog_ElasticNet,Exog,390,2205,-0.9892144323667007,6.120872050141922,tci_same_scale_MTC,2026-03-31,2024-03-13,4.339827829178765,2024-03-12,2013-04-08
arx_external_plus_target_lags,3,0.12773820900330493,ARX_ElasticNet,ARX,390,2205,0.9984147605558866,0.17279052945972892,tci_same_scale_MTC,2026-03-31,2024-03-13,4.339827829178765,2024-03-12,2013-04-08
external_only,3,4.315731416545445,Exog_RandomForest,Exog,390,2205,-0.17437624629857384,4.703012462406582,tci_same_scale_MTC,2026-03-31,2024-03-13,4.339827829178765,2024-03-12,2013-04-08
arx_external_plus_target_lags,3,2.7149104170825584,ARX_RandomForest,ARX,390,2205,0.48597645010859225,3.111458470366489,tci_same_scale_MTC,2026-03-31,2024-03-13,4.339827829178765,2024-03-12,2013-04-08
external_only,3,4.45290606365648,Exog_ExtraTrees,Exog,390,2205,-0.22678936641193692,4.8068160418208565,tci_same_scale_MTC,2026-03-31,2024-03-13,4.339827829178765,2024-03-12,2013-04-08
arx_external_plus_target_lags,3,3.550872644766115,ARX_ExtraTrees,ARX,390,2205,0.20903926855451227,3.8596681115281686,tci_same_scale_MTC,2026-03-31,2024-03-13,4.339827829178765,2024-03-12,2013-04-08
mean_baseline,1,12.465452206897755,Mean,Mean,389,1427,-0.1199420239930935,14.407698718409204,tci_within_gold,2022-03-16,2020-03-04,13.614348006550268,2020-03-03,2013-04-08
target_lags,1,0.3539694090457188,AR_Ridge,AR,389,1427,0.9986312752701997,0.5036802301247907,tci_within_gold,2022-03-16,2020-03-04,13.614348006550268,2020-03-03,2013-04-08
external_only,1,18.213851538158725,Exog_Ridge,Exog,389,1427,-1.4230333130018304,21.192224219574097,tci_within_gold,2022-03-16,2020-03-04,13.614348006550268,2020-03-03,2013-04-08
arx_external_plus_target_lags,1,1.6118006654477635,ARX_Ridge,ARX,389,1427,0.9761890800422159,2.100801095877457,tci_within_gold,2022-03-16,2020-03-04,13.614348006550268,2020-03-03,2013-04-08
external_only,1,17.89950725625938,Exog_ElasticNet,Exog,389,1427,-1.3699916981002116,20.958985639432964,tci_within_gold,2022-03-16,2020-03-04,13.614348006550268,2020-03-03,2013-04-08
arx_external_plus_target_lags,1,1.1951263349482113,ARX_ElasticNet,ARX,389,1427,0.9869792551611518,1.5535125352019676,tci_within_gold,2022-03-16,2020-03-04,13.614348006550268,2020-03-03,2013-04-08
external_only,1,27.129353937604012,Exog_RandomForest,Exog,389,1427,-3.832260390039136,29.92760836414698,tci_within_gold,2022-03-16,2020-03-04,13.614348006550268,2020-03-03,2013-04-08
arx_external_plus_target_lags,1,19.97691869257683,ARX_RandomForest,ARX,389,1427,-1.5791890427321174,21.86444386505269,tci_within_gold,2022-03-16,2020-03-04,13.614348006550268,2020-03-03,2013-04-08
external_only,1,20.93743953275357,Exog_ExtraTrees,Exog,389,1427,-2.137511577997264,24.1151249378602,tci_within_gold,2022-03-16,2020-03-04,13.614348006550268,2020-03-03,2013-04-08
arx_external_plus_target_lags,1,16.58093975579121,ARX_ExtraTrees,ARX,389,1427,-0.9864666177155197,19.188343453710612,tci_within_gold,2022-03-16,2020-03-04,13.614348006550268,2020-03-03,2013-04-08
mean_baseline,2,8.640553076369718,Mean,Mean,389,1816,-0.9597067971066471,11.502871397387246,tci_within_gold,2024-03-12,2022-03-17,8.216951335892492,2022-03-16,2013-04-08
target_lags,2,0.20660809254371618,AR_Ridge,AR,389,1816,0.998785431478206,0.28636617952586585,tci_within_gold,2024-03-12,2022-03-17,8.216951335892492,2022-03-16,2013-04-08
external_only,2,10.676220554331177,Exog_Ridge,Exog,389,1816,-2.270498895714466,14.85996266663107,tci_within_gold,2024-03-12,2022-03-17,8.216951335892492,2022-03-16,2013-04-08
arx_external_plus_target_lags,2,1.869617658114639,ARX_Ridge,ARX,389,1816,0.8997507952162292,2.601663853444033,tci_within_gold,2024-03-12,2022-03-17,8.216951335892492,2022-03-16,2013-04-08
external_only,2,10.278463477981218,Exog_ElasticNet,Exog,389,1816,-2.0661658498333466,14.388268580938476,tci_within_gold,2024-03-12,2022-03-17,8.216951335892492,2022-03-16,2013-04-08
arx_external_plus_target_lags,2,0.9328755604325805,ARX_ElasticNet,ARX,389,1816,0.9806129359008231,1.1441072509520624,tci_within_gold,2024-03-12,2022-03-17,8.216951335892492,2022-03-16,2013-04-08
external_only,2,9.323807740853423,Exog_RandomForest,Exog,389,1816,-1.0328746718443833,11.715639978919203,tci_within_gold,2024-03-12,2022-03-17,8.216951335892492,2022-03-16,2013-04-08
arx_external_plus_target_lags,2,4.596761178931316,ARX_RandomForest,ARX,389,1816,0.4535274065752154,6.074281408822246,tci_within_gold,2024-03-12,2022-03-17,8.216951335892492,2022-03-16,2013-04-08
external_only,2,10.54965480918945,Exog_ExtraTrees,Exog,389,1816,-1.4651606529715826,12.901295672563041,tci_within_gold,2024-03-12,2022-03-17,8.216951335892492,2022-03-16,2013-04-08
arx_external_plus_target_lags,2,7.1558662158475475,ARX_ExtraTrees,ARX,389,1816,-0.12429393909754705,8.712657653622925,tci_within_gold,2024-03-12,2022-03-17,8.216951335892492,2022-03-16,2013-04-08
mean_baseline,3,11.947625521912778,Mean,Mean,390,2205,-1.0536738549546087,14.142996775045473,tci_within_gold,2026-03-31,2024-03-13,9.869058089439527,2024-03-12,2013-04-08
target_lags,3,0.2512664833978476,AR_Ridge,AR,390,2205,0.9985386684027153,0.37726810675974903,tci_within_gold,2026-03-31,2024-03-13,9.869058089439527,2024-03-12,2013-04-08
external_only,3,9.417440879850428,Exog_Ridge,Exog,390,2205,-0.5207559784873983,12.170417352572025,tci_within_gold,2026-03-31,2024-03-13,9.869058089439527,2024-03-12,2013-04-08
arx_external_plus_target_lags,3,0.7036791681833119,ARX_Ridge,ARX,390,2205,0.9931971244811607,0.8139954312911819,tci_within_gold,2026-03-31,2024-03-13,9.869058089439527,2024-03-12,2013-04-08
external_only,3,8.91936360552965,Exog_ElasticNet,Exog,390,2205,-0.2443753281474761,11.009089469471437,tci_within_gold,2026-03-31,2024-03-13,9.869058089439527,2024-03-12,2013-04-08
arx_external_plus_target_lags,3,0.5836832134980868,ARX_ElasticNet,ARX,390,2205,0.9939061883549286,0.7704069969158901,tci_within_gold,2026-03-31,2024-03-13,9.869058089439527,2024-03-12,2013-04-08
external_only,3,10.076633732462035,Exog_RandomForest,Exog,390,2205,-0.32507559593331914,11.36046303853123,tci_within_gold,2026-03-31,2024-03-13,9.869058089439527,2024-03-12,2013-04-08
arx_external_plus_target_lags,3,6.11369185679436,ARX_RandomForest,ARX,390,2205,0.42977330692253346,7.452456966567523,tci_within_gold,2026-03-31,2024-03-13,9.869058089439527,2024-03-12,2013-04-08
external_only,3,9.8263060290326,Exog_ExtraTrees,Exog,390,2205,-0.32581652178668974,11.363638738273469,tci_within_gold,2026-03-31,2024-03-13,9.869058089439527,2024-03-12,2013-04-08
arx_external_plus_target_lags,3,7.434228322552506,ARX_ExtraTrees,ARX,390,2205,0.24420867127885948,8.579789991345082,tci_within_gold,2026-03-31,2024-03-13,9.869058089439527,2024-03-12,2013-04-08
mean_baseline,1,8.503036132932884,Mean,Mean,389,1427,-3.120360779630965,9.771005137093102,tci_within_silver,2022-03-16,2020-03-04,4.813617964809583,2020-03-03,2013-04-08
target_lags,1,0.25558361461802087,AR_Ridge,AR,389,1427,0.9938041764123469,0.378896977741182,tci_within_silver,2022-03-16,2020-03-04,4.813617964809583,2020-03-03,2013-04-08
external_only,1,35.71353907824218,Exog_Ridge,Exog,389,1427,-57.02291195642479,36.666662377525995,tci_within_silver,2022-03-16,2020-03-04,4.813617964809583,2020-03-03,2013-04-08
arx_external_plus_target_lags,1,3.3888997342570026,ARX_Ridge,ARX,389,1427,0.4354233095945187,3.6168715968260643,tci_within_silver,2022-03-16,2020-03-04,4.813617964809583,2020-03-03,2013-04-08
external_only,1,36.71159104602973,Exog_ElasticNet,Exog,389,1427,-59.917822158984116,37.570225665693,tci_within_silver,2022-03-16,2020-03-04,4.813617964809583,2020-03-03,2013-04-08
arx_external_plus_target_lags,1,2.01614876538085,ARX_ElasticNet,ARX,389,1427,0.7820371097272714,2.247309555487111,tci_within_silver,2022-03-16,2020-03-04,4.813617964809583,2020-03-03,2013-04-08
external_only,1,4.615103744850137,Exog_RandomForest,Exog,389,1427,-0.3641525340154468,5.622158516436743,tci_within_silver,2022-03-16,2020-03-04,4.813617964809583,2020-03-03,2013-04-08
arx_external_plus_target_lags,1,2.7461089021209464,ARX_RandomForest,ARX,389,1427,0.4922865499381318,3.4298960150074493,tci_within_silver,2022-03-16,2020-03-04,4.813617964809583,2020-03-03,2013-04-08
external_only,1,3.4602413135699415,Exog_ExtraTrees,Exog,389,1427,0.19994521270866705,4.305578219094398,tci_within_silver,2022-03-16,2020-03-04,4.813617964809583,2020-03-03,2013-04-08
arx_external_plus_target_lags,1,2.8093813242918073,ARX_ExtraTrees,ARX,389,1427,0.4970439711762096,3.4137886368062946,tci_within_silver,2022-03-16,2020-03-04,4.813617964809583,2020-03-03,2013-04-08
mean_baseline,2,4.719088855593394,Mean,Mean,389,1816,-3.491109364839318e-05,5.68210079773687,tci_within_silver,2024-03-12,2022-03-17,5.68200161615723,2022-03-16,2013-04-08
target_lags,2,0.23042081091309832,AR_Ridge,AR,389,1816,0.9964299854913706,0.3394973146577638,tci_within_silver,2024-03-12,2022-03-17,5.68200161615723,2022-03-16,2013-04-08
external_only,2,13.814771809205707,Exog_Ridge,Exog,389,1816,-8.091721297303462,17.1326447589261,tci_within_silver,2024-03-12,2022-03-17,5.68200161615723,2022-03-16,2013-04-08
arx_external_plus_target_lags,2,0.9936545056148886,ARX_Ridge,ARX,389,1816,0.955798116325225,1.194597885183995,tci_within_silver,2024-03-12,2022-03-17,5.68200161615723,2022-03-16,2013-04-08
external_only,2,12.331419519651416,Exog_ElasticNet,Exog,389,1816,-6.3679101972088175,15.423165357892275,tci_within_silver,2024-03-12,2022-03-17,5.68200161615723,2022-03-16,2013-04-08
arx_external_plus_target_lags,2,0.3807889081854907,ARX_ElasticNet,ARX,389,1816,0.9918601291610185,0.5126371902988286,tci_within_silver,2024-03-12,2022-03-17,5.68200161615723,2022-03-16,2013-04-08
external_only,2,6.477518243170941,Exog_RandomForest,Exog,389,1816,-0.7602750925744928,7.538616051180407,tci_within_silver,2024-03-12,2022-03-17,5.68200161615723,2022-03-16,2013-04-08
arx_external_plus_target_lags,2,4.30146983330841,ARX_RandomForest,ARX,389,1816,0.22736571405045647,4.994457720187858,tci_within_silver,2024-03-12,2022-03-17,5.68200161615723,2022-03-16,2013-04-08
external_only,2,6.277333949515214,Exog_ExtraTrees,Exog,389,1816,-0.6548880917104929,7.309466303410493,tci_within_silver,2024-03-12,2022-03-17,5.68200161615723,2022-03-16,2013-04-08
arx_external_plus_target_lags,2,5.403606777138492,ARX_ExtraTrees,ARX,389,1816,-0.2197862527999641,6.27542610726577,tci_within_silver,2024-03-12,2022-03-17,5.68200161615723,2022-03-16,2013-04-08
mean_baseline,3,5.4649364662649225,Mean,Mean,390,2205,-0.0015817975123137984,6.617022861050456,tci_within_silver,2026-03-31,2024-03-13,6.611795666356079,2024-03-12,2013-04-08
target_lags,3,0.37893694006303275,AR_Ridge,AR,390,2205,0.9851066969306147,0.806891122054963,tci_within_silver,2026-03-31,2024-03-13,6.611795666356079,2024-03-12,2013-04-08
external_only,3,7.079844253459834,Exog_Ridge,Exog,390,2205,-0.9446787689581333,9.220264078403023,tci_within_silver,2026-03-31,2024-03-13,6.611795666356079,2024-03-12,2013-04-08
arx_external_plus_target_lags,3,0.6085859348995527,ARX_Ridge,ARX,390,2205,0.9792463699544058,0.9525032339171029,tci_within_silver,2026-03-31,2024-03-13,6.611795666356079,2024-03-12,2013-04-08
external_only,3,6.334095053641883,Exog_ElasticNet,Exog,390,2205,-0.5176882782976748,8.14536806280766,tci_within_silver,2026-03-31,2024-03-13,6.611795666356079,2024-03-12,2013-04-08
arx_external_plus_target_lags,3,0.47473695800631854,ARX_ElasticNet,ARX,390,2205,0.982602211207081,0.8721003295872468,tci_within_silver,2026-03-31,2024-03-13,6.611795666356079,2024-03-12,2013-04-08
external_only,3,5.642951204503998,Exog_RandomForest,Exog,390,2205,0.0042813712223922495,6.597626708599667,tci_within_silver,2026-03-31,2024-03-13,6.611795666356079,2024-03-12,2013-04-08
arx_external_plus_target_lags,3,3.6723408610150554,ARX_RandomForest,ARX,390,2205,0.538603093806892,4.491141750135566,tci_within_silver,2026-03-31,2024-03-13,6.611795666356079,2024-03-12,2013-04-08
external_only,3,5.403532902532767,Exog_ExtraTrees,Exog,390,2205,0.05974910760793373,6.411229163723617,tci_within_silver,2026-03-31,2024-03-13,6.611795666356079,2024-03-12,2013-04-08
arx_external_plus_target_lags,3,4.288799323594211,ARX_ExtraTrees,ARX,390,2205,0.3915545099385159,5.1573934180714796,tci_within_silver,2026-03-31,2024-03-13,6.611795666356079,2024-03-12,2013-04-08
mean_baseline,1,18.538405684039347,Mean,Mean,389,1427,-6.840729281876587,19.8472074659034,tci_within_platinum,2022-03-16,2020-03-04,7.087958725090686,2020-03-03,2013-04-08
target_lags,1,0.2020239409967743,AR_Ridge,AR,389,1427,0.9982079963695283,0.3000479213728953,tci_within_platinum,2022-03-16,2020-03-04,7.087958725090686,2020-03-03,2013-04-08
external_only,1,10.025758067142949,Exog_Ridge,Exog,389,1427,-2.0590058922430496,12.396849723277647,tci_within_platinum,2022-03-16,2020-03-04,7.087958725090686,2020-03-03,2013-04-08
arx_external_plus_target_lags,1,0.6963721260557528,ARX_Ridge,ARX,389,1427,0.9867232256979572,0.8167092344820562,tci_within_platinum,2022-03-16,2020-03-04,7.087958725090686,2020-03-03,2013-04-08
external_only,1,10.043687135132334,Exog_ElasticNet,Exog,389,1427,-1.9342695470737352,12.141467538868026,tci_within_platinum,2022-03-16,2020-03-04,7.087958725090686,2020-03-03,2013-04-08
arx_external_plus_target_lags,1,0.27193410235673654,ARX_ElasticNet,ARX,389,1427,0.9973001096909052,0.36829365758912436,tci_within_platinum,2022-03-16,2020-03-04,7.087958725090686,2020-03-03,2013-04-08
external_only,1,9.361161402171282,Exog_RandomForest,Exog,389,1427,-1.3797227242761028,10.934133164347937,tci_within_platinum,2022-03-16,2020-03-04,7.087958725090686,2020-03-03,2013-04-08
arx_external_plus_target_lags,1,6.383960861034882,ARX_RandomForest,ARX,389,1427,-0.25420489346587916,7.937896378870057,tci_within_platinum,2022-03-16,2020-03-04,7.087958725090686,2020-03-03,2013-04-08
external_only,1,16.861759339526447,Exog_ExtraTrees,Exog,389,1427,-5.568394568089735,18.16564390131014,tci_within_platinum,2022-03-16,2020-03-04,7.087958725090686,2020-03-03,2013-04-08
arx_external_plus_target_lags,1,10.841352954696353,ARX_ExtraTrees,ARX,389,1427,-1.9915401378101594,12.259382541752931,tci_within_platinum,2022-03-16,2020-03-04,7.087958725090686,2020-03-03,2013-04-08
mean_baseline,2,10.627786338598852,Mean,Mean,389,1816,-1.2717514314463672,12.552628077137548,tci_within_platinum,2024-03-12,2022-03-17,8.328259638015401,2022-03-16,2013-04-08
target_lags,2,0.16928506244215094,AR_Ridge,AR,389,1816,0.9992250794985305,0.23183704439281516,tci_within_platinum,2024-03-12,2022-03-17,8.328259638015401,2022-03-16,2013-04-08
external_only,2,19.62138459252666,Exog_Ridge,Exog,389,1816,-5.248264427545448,20.817758034714362,tci_within_platinum,2024-03-12,2022-03-17,8.328259638015401,2022-03-16,2013-04-08
arx_external_plus_target_lags,2,0.35701293247547844,ARX_Ridge,ARX,389,1816,0.9971943129969749,0.44113738685920456,tci_within_platinum,2024-03-12,2022-03-17,8.328259638015401,2022-03-16,2013-04-08
external_only,2,18.795521666256278,Exog_ElasticNet,Exog,389,1816,-4.753551032940683,19.97663069088039,tci_within_platinum,2024-03-12,2022-03-17,8.328259638015401,2022-03-16,2013-04-08
arx_external_plus_target_lags,2,0.2534358811655031,ARX_ElasticNet,ARX,389,1816,0.9984792682057617,0.32477348760442076,tci_within_platinum,2024-03-12,2022-03-17,8.328259638015401,2022-03-16,2013-04-08
external_only,2,6.784092044377588,Exog_RandomForest,Exog,389,1816,0.1603473922717905,7.631397521179583,tci_within_platinum,2024-03-12,2022-03-17,8.328259638015401,2022-03-16,2013-04-08
arx_external_plus_target_lags,2,3.1342129809202346,ARX_RandomForest,ARX,389,1816,0.8000058808493421,3.724456178352275,tci_within_platinum,2024-03-12,2022-03-17,8.328259638015401,2022-03-16,2013-04-08
external_only,2,8.002506177612725,Exog_ExtraTrees,Exog,389,1816,-0.22091654516835568,9.202318185050054,tci_within_platinum,2024-03-12,2022-03-17,8.328259638015401,2022-03-16,2013-04-08
arx_external_plus_target_lags,2,5.348853258509642,ARX_ExtraTrees,ARX,389,1816,0.4627499982295805,6.1043927640001305,tci_within_platinum,2024-03-12,2022-03-17,8.328259638015401,2022-03-16,2013-04-08
mean_baseline,3,2.6048736521143883,Mean,Mean,390,2205,-0.2791887729711422,4.0574940590237025,tci_within_platinum,2026-03-31,2024-03-13,3.5874889583192084,2024-03-12,2013-04-08
target_lags,3,0.26938046503476426,AR_Ridge,AR,390,2205,0.9173334097769409,1.0314675873010721,tci_within_platinum,2026-03-31,2024-03-13,3.5874889583192084,2024-03-12,2013-04-08
external_only,3,11.62783355378031,Exog_Ridge,Exog,390,2205,-16.607917417901373,15.053745495288991,tci_within_platinum,2026-03-31,2024-03-13,3.5874889583192084,2024-03-12,2013-04-08
arx_external_plus_target_lags,3,0.9121473319851529,ARX_Ridge,ARX,390,2205,0.8434760292363847,1.419322218579292,tci_within_platinum,2026-03-31,2024-03-13,3.5874889583192084,2024-03-12,2013-04-08
external_only,3,11.091502167254342,Exog_ElasticNet,Exog,390,2205,-14.647876337855026,14.191172388583366,tci_within_platinum,2026-03-31,2024-03-13,3.5874889583192084,2024-03-12,2013-04-08
arx_external_plus_target_lags,3,0.5153277047446279,ARX_ElasticNet,ARX,390,2205,0.887794887130177,1.201702311453477,tci_within_platinum,2026-03-31,2024-03-13,3.5874889583192084,2024-03-12,2013-04-08
external_only,3,3.279941084361467,Exog_RandomForest,Exog,390,2205,-0.5246439504174683,4.429704852379291,tci_within_platinum,2026-03-31,2024-03-13,3.5874889583192084,2024-03-12,2013-04-08
arx_external_plus_target_lags,3,2.4721930184569474,ARX_RandomForest,ARX,390,2205,0.22569102965788512,3.1568047279288534,tci_within_platinum,2026-03-31,2024-03-13,3.5874889583192084,2024-03-12,2013-04-08
external_only,3,3.434345028488655,Exog_ExtraTrees,Exog,390,2205,-0.6943622497565898,4.669750813953505,tci_within_platinum,2026-03-31,2024-03-13,3.5874889583192084,2024-03-12,2013-04-08
arx_external_plus_target_lags,3,2.8511702797787994,ARX_ExtraTrees,ARX,390,2205,-0.12687440620108292,3.8082752535112383,tci_within_platinum,2026-03-31,2024-03-13,3.5874889583192084,2024-03-12,2013-04-08
mean_baseline,1,11.249181093400523,Mean,Mean,389,1427,-0.33919774498118205,12.765754983072695,tci_within_palladium,2022-03-16,2020-03-04,11.031235341013968,2020-03-03,2013-04-08
target_lags,1,0.23067180642080246,AR_Ridge,AR,389,1427,0.9990715542903524,0.3361262318028339,tci_within_palladium,2022-03-16,2020-03-04,11.031235341013968,2020-03-03,2013-04-08
external_only,1,16.49328992865366,Exog_Ridge,Exog,389,1427,-1.9518017669532668,18.952554062236903,tci_within_palladium,2022-03-16,2020-03-04,11.031235341013968,2020-03-03,2013-04-08
arx_external_plus_target_lags,1,1.464077305673378,ARX_Ridge,ARX,389,1427,0.9769286922649093,1.6755610490255608,tci_within_palladium,2022-03-16,2020-03-04,11.031235341013968,2020-03-03,2013-04-08
external_only,1,16.240948052618446,Exog_ElasticNet,Exog,389,1427,-1.8537481766689075,18.635110548926086,tci_within_palladium,2022-03-16,2020-03-04,11.031235341013968,2020-03-03,2013-04-08
arx_external_plus_target_lags,1,0.4179983102003006,ARX_ElasticNet,ARX,389,1427,0.9977229520503397,0.5263931606940815,tci_within_palladium,2022-03-16,2020-03-04,11.031235341013968,2020-03-03,2013-04-08
external_only,1,9.378906156828673,Exog_RandomForest,Exog,389,1427,-0.05449651443470316,11.32783003683598,tci_within_palladium,2022-03-16,2020-03-04,11.031235341013968,2020-03-03,2013-04-08
arx_external_plus_target_lags,1,7.799596183727372,ARX_RandomForest,ARX,389,1427,0.281443565293634,9.350925380550821,tci_within_palladium,2022-03-16,2020-03-04,11.031235341013968,2020-03-03,2013-04-08
external_only,1,9.7367284778051,Exog_ExtraTrees,Exog,389,1427,-0.10783198182365905,11.610772061638944,tci_within_palladium,2022-03-16,2020-03-04,11.031235341013968,2020-03-03,2013-04-08
arx_external_plus_target_lags,1,7.917077378677592,ARX_ExtraTrees,ARX,389,1427,0.2422995316696046,9.602248207119706,tci_within_palladium,2022-03-16,2020-03-04,11.031235341013968,2020-03-03,2013-04-08
mean_baseline,2,6.101408096726936,Mean,Mean,389,1816,-0.17711096369851154,8.542103892246198,tci_within_palladium,2024-03-12,2022-03-17,7.87328816011417,2022-03-16,2013-04-08
target_lags,2,0.090335018769318,AR_Ridge,AR,389,1816,0.9997200097008908,0.13174302737272484,tci_within_palladium,2024-03-12,2022-03-17,7.87328816011417,2022-03-16,2013-04-08
external_only,2,19.060200877057515,Exog_Ridge,Exog,389,1816,-7.119770459545421,22.43510068364167,tci_within_palladium,2024-03-12,2022-03-17,7.87328816011417,2022-03-16,2013-04-08
arx_external_plus_target_lags,2,0.9452395470982196,ARX_Ridge,ARX,389,1816,0.9796168476726989,1.1240660260239765,tci_within_palladium,2024-03-12,2022-03-17,7.87328816011417,2022-03-16,2013-04-08
external_only,2,17.054602713268256,Exog_ElasticNet,Exog,389,1816,-5.442246702414312,19.98365036820619,tci_within_palladium,2024-03-12,2022-03-17,7.87328816011417,2022-03-16,2013-04-08
arx_external_plus_target_lags,2,0.31368251186846413,ARX_ElasticNet,ARX,389,1816,0.9975685716621595,0.3882280260836525,tci_within_palladium,2024-03-12,2022-03-17,7.87328816011417,2022-03-16,2013-04-08
external_only,2,7.096829256547693,Exog_RandomForest,Exog,389,1816,-0.021526955071385245,7.957580894332489,tci_within_palladium,2024-03-12,2022-03-17,7.87328816011417,2022-03-16,2013-04-08
arx_external_plus_target_lags,2,3.3108230931059155,ARX_RandomForest,ARX,389,1816,0.7812429034061423,3.6824530811412965,tci_within_palladium,2024-03-12,2022-03-17,7.87328816011417,2022-03-16,2013-04-08
external_only,2,6.057922667095921,Exog_ExtraTrees,Exog,389,1816,-0.29299097831120036,8.952697162320916,tci_within_palladium,2024-03-12,2022-03-17,7.87328816011417,2022-03-16,2013-04-08
arx_external_plus_target_lags,2,3.7170348503206063,ARX_ExtraTrees,ARX,389,1816,0.5390614921536955,5.345368408057257,tci_within_palladium,2024-03-12,2022-03-17,7.87328816011417,2022-03-16,2013-04-08
mean_baseline,3,9.803487873628297,Mean,Mean,390,2205,-0.11234043002147387,10.674590374060502,tci_within_palladium,2026-03-31,2024-03-13,10.12120816254194,2024-03-12,2013-04-08
target_lags,3,0.21254784334695048,AR_Ridge,AR,390,2205,0.9976352209110197,0.49218417429000066,tci_within_palladium,2026-03-31,2024-03-13,10.12120816254194,2024-03-12,2013-04-08
external_only,3,12.412289745784841,Exog_Ridge,Exog,390,2205,-2.1424189449930644,17.941733406135697,tci_within_palladium,2026-03-31,2024-03-13,10.12120816254194,2024-03-12,2013-04-08
arx_external_plus_target_lags,3,0.4187544483299884,ARX_Ridge,ARX,390,2205,0.9951529458796566,0.7046464876866112,tci_within_palladium,2026-03-31,2024-03-13,10.12120816254194,2024-03-12,2013-04-08
external_only,3,11.98533194801928,Exog_ElasticNet,Exog,390,2205,-1.8843530701083986,17.18923572950166,tci_within_palladium,2026-03-31,2024-03-13,10.12120816254194,2024-03-12,2013-04-08
arx_external_plus_target_lags,3,0.25053285876103537,ARX_ElasticNet,ARX,390,2205,0.9972858120458713,0.5272933769532064,tci_within_palladium,2026-03-31,2024-03-13,10.12120816254194,2024-03-12,2013-04-08
external_only,3,9.648654867528661,Exog_RandomForest,Exog,390,2205,-0.07246228096329688,10.481498353676619,tci_within_palladium,2026-03-31,2024-03-13,10.12120816254194,2024-03-12,2013-04-08
arx_external_plus_target_lags,3,5.974492007482363,ARX_RandomForest,ARX,390,2205,0.5224083606818,6.994565070931004,tci_within_palladium,2026-03-31,2024-03-13,10.12120816254194,2024-03-12,2013-04-08
external_only,3,9.528514813767856,Exog_ExtraTrees,Exog,390,2205,-0.052241266047381885,10.38221508782612,tci_within_palladium,2026-03-31,2024-03-13,10.12120816254194,2024-03-12,2013-04-08
arx_external_plus_target_lags,3,7.35212487230577,ARX_ExtraTrees,ARX,390,2205,0.3581600873878211,8.1085970136126,tci_within_palladium,2026-03-31,2024-03-13,10.12120816254194,2024-03-12,2013-04-08
