ar_r2,feature_set,fold,model,model_family,residual_mae,residual_r2,residual_rmse,residual_test_std,synthetic_incremental_r2_vs_ar,synthetic_mae,synthetic_r2,synthetic_rmse,synthetic_test_std,target
0.9885056719396433,residual_mean,1,Residual_Mean,Mean,0.2434764331785053,-0.18453506921412366,0.3691142454336393,0.33914611386480603,0.0,0.24347643317850345,0.9885056719396433,0.36911424543363786,3.442857220776137,tci_same_scale_STC
0.9885056719396433,external_only,1,Residual_Exog_Ridge,Exog,0.45480137835193574,-1.7378952822280018,0.5611710544260157,0.33914611386480603,-0.015073282630739704,0.45480137835193557,0.9734323893089036,0.5611710544260156,3.442857220776137,tci_same_scale_STC
0.9885056719396433,arx_external_plus_target_lags,1,Residual_ARX_Ridge,ARX,0.40290894306999603,-1.4337930537999317,0.5290889222917858,0.33914611386480603,-0.012122377361420078,0.4029089430699958,0.9763832945782233,0.5290889222917854,3.442857220776137,tci_same_scale_STC
0.9885056719396433,external_only,1,Residual_Exog_ElasticNet,Exog,0.25424940194471557,-0.6580473917920437,0.4367021347637991,0.33914611386480603,-0.0045948035797227504,0.2542494019447155,0.9839108683599206,0.436702134763799,3.442857220776137,tci_same_scale_STC
0.9885056719396433,arx_external_plus_target_lags,1,Residual_ARX_ElasticNet,ARX,0.24843291311750168,-0.5668367488917414,0.4245205512888886,0.33914611386480603,-0.003709726320855533,0.24843291311750154,0.9847959456187878,0.4245205512888883,3.442857220776137,tci_same_scale_STC
0.9885056719396433,external_only,1,Residual_Exog_RandomForest,Exog,0.22865594846281972,-0.1389473765926128,0.3619417436979633,0.33914611386480603,0.00044236756523707843,0.22865594846281964,0.9889480395048804,0.36194174369796317,3.442857220776137,tci_same_scale_STC
0.9885056719396433,arx_external_plus_target_lags,1,Residual_ARX_RandomForest,ARX,0.23086975940038848,-0.12480533235145574,0.359687651551337,0.33914611386480603,0.0005795971839935854,0.23086975940038854,0.9890852691236369,0.35968765155133725,3.442857220776137,tci_same_scale_STC
0.9885056719396433,external_only,1,Residual_Exog_ExtraTrees,Exog,0.2239158090228781,-0.09310731171657638,0.3545832731554623,0.33914611386480603,0.0008871840655563235,0.22391580902287808,0.9893928560051997,0.35458327315546206,3.442857220776137,tci_same_scale_STC
0.9885056719396433,arx_external_plus_target_lags,1,Residual_ARX_ExtraTrees,ARX,0.2324885710189187,-0.13459026274875496,0.3612487650078477,0.33914611386480603,0.0004846475257205274,0.2324885710189186,0.9889903194653639,0.3612487650078477,3.442857220776137,tci_same_scale_STC
0.9598737319748682,residual_mean,2,Residual_Mean,Mean,0.09217817503798167,-0.005940283677533298,0.1373763679646051,0.13697014956262524,0.0,0.09217817503798174,0.9598737319748682,0.13737636796460514,0.6858002596514201,tci_same_scale_STC
0.9598737319748682,external_only,2,Residual_Exog_Ridge,Exog,0.23583095551789252,-4.084648905141519,0.30885626493078044,0.13697014956262524,-0.1626968896632276,0.23583095551789257,0.7971768423116407,0.30885626493078044,0.6858002596514201,tci_same_scale_STC
0.9598737319748682,arx_external_plus_target_lags,2,Residual_ARX_Ridge,ARX,0.38367876098712583,-10.66829506665274,0.46787477521893217,0.13697014956262524,-0.42531401987064554,0.38367876098712583,0.5345597121042227,0.46787477521893245,0.6858002596514201,tci_same_scale_STC
0.9598737319748682,external_only,2,Residual_Exog_ElasticNet,Exog,0.11063840643718588,-0.25188948179047377,0.1532529789932642,0.13697014956262524,-0.009810744836628582,0.11063840643718593,0.9500629871382397,0.15325297899326418,0.6858002596514201,tci_same_scale_STC
0.9598737319748682,arx_external_plus_target_lags,2,Residual_ARX_ElasticNet,ARX,0.10667554049719091,-0.2192071774748401,0.15123930931045562,0.13697014956262524,-0.008507070131551941,0.10667554049719091,0.9513666618433163,0.1512393093104555,0.6858002596514201,tci_same_scale_STC
0.9598737319748682,external_only,2,Residual_Exog_RandomForest,Exog,0.0984617307820155,-0.0763602643240604,0.1421034946376407,0.13697014956262524,-0.0028090047327827827,0.09846173078201524,0.9570647272420855,0.14210349463764063,0.6858002596514201,tci_same_scale_STC
0.9598737319748682,arx_external_plus_target_lags,2,Residual_ARX_RandomForest,ARX,0.09426240416375825,-0.009043335727853652,0.13758808917170018,0.13697014956262524,-0.0001237786181620404,0.09426240416375829,0.9597499533567062,0.13758808917170023,0.6858002596514201,tci_same_scale_STC
0.9598737319748682,external_only,2,Residual_Exog_ExtraTrees,Exog,0.09215276684384807,0.01279985353468549,0.136090727454394,0.13697014956262524,0.0007475312210940555,0.09215276684384824,0.9606212631959623,0.13609072745439407,0.6858002596514201,tci_same_scale_STC
0.9598737319748682,arx_external_plus_target_lags,2,Residual_ARX_ExtraTrees,ARX,0.09413637943721924,-0.003162079735398171,0.13718653390863947,0.13697014956262524,0.00011082064991263518,0.09413637943721942,0.9599845526247809,0.13718653390863966,0.6858002596514201,tci_same_scale_STC
0.9851967096059616,residual_mean,3,Residual_Mean,Mean,0.2179018870329125,-0.02190324034378044,0.4855843388842042,0.48035219906715226,0.0,0.21790188703291288,0.9851967096059616,0.4855843388842046,3.9910350515692863,tci_same_scale_STC
0.9851967096059616,external_only,3,Residual_Exog_Ridge,Exog,0.2789883012617012,-0.2556019733670898,0.538252155949127,0.48035219906715226,-0.0033853598590205536,0.27898830126170143,0.9818113497469411,0.5382521559491271,3.9910350515692863,tci_same_scale_STC
0.9851967096059616,arx_external_plus_target_lags,3,Residual_ARX_Ridge,ARX,0.30430964055480664,-0.2648098929721885,0.5402221788328895,0.48035219906715226,-0.0035187457829103375,0.3043096405548069,0.9816779638230513,0.5402221788328896,3.9910350515692863,tci_same_scale_STC
0.9851967096059616,external_only,3,Residual_Exog_ElasticNet,Exog,0.23341413319508153,-0.08526790493655723,0.5004126307843688,0.48035219906715226,-0.000917900534665228,0.23341413319508114,0.9842788090712964,0.5004126307843686,3.9910350515692863,tci_same_scale_STC
0.9851967096059616,arx_external_plus_target_lags,3,Residual_ARX_ElasticNet,ARX,0.234898126207336,-0.07053379305951624,0.4970041026767705,0.48035219906715226,-0.0007044621892298153,0.2348981262073361,0.9844922474167318,0.4970041026767706,3.9910350515692863,tci_same_scale_STC
0.9851967096059616,external_only,3,Residual_Exog_RandomForest,Exog,0.21602565342439098,-0.01825384123671392,0.48471650916828907,0.48035219906715226,5.286519565939063e-05,0.2160256534243905,0.985249574801621,0.4847165091682888,3.9910350515692863,tci_same_scale_STC
0.9851967096059616,arx_external_plus_target_lags,3,Residual_ARX_RandomForest,ARX,0.2171958450887497,-0.023189261306459263,0.48588978624468154,0.48035219906715226,-1.8629299733841087e-05,0.21719584508874962,0.9851780803062278,0.48588978624468143,3.9910350515692863,tci_same_scale_STC
0.9851967096059616,external_only,3,Residual_Exog_ExtraTrees,Exog,0.21674076998536557,-0.017722450759540598,0.4845900145065045,0.48035219906715226,6.056291813993919e-05,0.2167407699853656,0.9852572725241016,0.4845900145065048,3.9910350515692863,tci_same_scale_STC
0.9851967096059616,arx_external_plus_target_lags,3,Residual_ARX_ExtraTrees,ARX,0.21570758275622823,-0.010945803392280684,0.48297396462507997,0.48035219906715226,0.00015872943226302727,0.21570758275622798,0.9853554390382246,0.48297396462507963,3.9910350515692863,tci_same_scale_STC
0.9957307171899156,residual_mean,1,Residual_Mean,Mean,0.12177677306204002,-0.0013021571722864334,0.19118593595723046,0.1910615803231225,0.0,0.12177677306203999,0.9957307171899156,0.19118593595723046,2.926028009651758,tci_same_scale_MTC
0.9957307171899156,external_only,1,Residual_Exog_Ridge,Exog,0.1542397058211916,-0.20540156142605226,0.2097680014162577,0.1910615803231225,-0.0008702249085229541,0.15423970582119176,0.9948604922813926,0.20976800141625795,2.926028009651758,tci_same_scale_MTC
0.9957307171899156,arx_external_plus_target_lags,1,Residual_ARX_Ridge,ARX,0.21499074716075656,-1.1749297025641106,0.2817707953012212,0.1910615803231225,-0.005004031868994452,0.21499074716075636,0.9907266853209211,0.28177079530122123,2.926028009651758,tci_same_scale_MTC
0.9957307171899156,external_only,1,Residual_Exog_ElasticNet,Exog,0.13164390164126907,-0.04880330712206549,0.19566826298944107,0.1910615803231225,-0.00020253211429466234,0.1316439016412693,0.9955281850756209,0.19566826298944132,2.926028009651758,tci_same_scale_MTC
0.9957307171899156,arx_external_plus_target_lags,1,Residual_ARX_ElasticNet,ARX,0.10824646750656608,0.229312502447237,0.16773068571222247,0.1910615803231225,0.000983278818501243,0.10824646750656641,0.9967139960084168,0.16773068571222283,2.926028009651758,tci_same_scale_MTC
0.9957307171899156,external_only,1,Residual_Exog_RandomForest,Exog,0.12752802692723866,-0.06078487688284673,0.19678274996512768,0.1910615803231225,-0.0002536183018666538,0.12752802692723905,0.9954770988880489,0.1967827499651283,2.926028009651758,tci_same_scale_MTC
0.9957307171899156,arx_external_plus_target_lags,1,Residual_ARX_RandomForest,ARX,0.12900114747357175,-0.0667061891686489,0.19733120734153137,0.1910615803231225,-0.00027886518321385,0.12900114747357175,0.9954518520067017,0.1973312073415313,2.926028009651758,tci_same_scale_MTC
0.9957307171899156,external_only,1,Residual_Exog_ExtraTrees,Exog,0.12529806655796516,-0.029686542877783273,0.19387681835563966,0.1910615803231225,-0.00012102337850694589,0.12529806655796505,0.9956096938114086,0.1938768183556393,2.926028009651758,tci_same_scale_MTC
0.9957307171899156,arx_external_plus_target_lags,1,Residual_ARX_ExtraTrees,ARX,0.12452672187919767,-0.02352167446372011,0.19329556406524506,0.1910615803231225,-9.473803940318604e-05,0.12452672187919753,0.9956359791505124,0.19329556406524467,2.926028009651758,tci_same_scale_MTC
0.9990393141211636,residual_mean,2,Residual_Mean,Mean,0.061810018416780445,-0.0005173477539568427,0.0823539308943807,0.08233263634595082,0.0,0.06181001841678085,0.9990393141211636,0.08235393089438085,2.6570126990566743,tci_same_scale_MTC
0.9990393141211636,external_only,2,Residual_Exog_Ridge,Exog,0.18949633982980899,-8.564935681085794,0.25463203975965587,0.08233263634595082,-0.008223461364012086,0.18949633982980887,0.9908158527571516,0.25463203975965576,2.6570126990566743,tci_same_scale_MTC
0.9990393141211636,arx_external_plus_target_lags,2,Residual_ARX_Ridge,ARX,0.160845387579935,-5.934700244610647,0.2168132745416066,0.08233263634595082,-0.005697937896069316,0.16084538757993508,0.9933413762250943,0.21681327454160684,2.6570126990566743,tci_same_scale_MTC
0.9990393141211636,external_only,2,Residual_Exog_ElasticNet,Exog,0.06406817606304813,-0.12714179955449123,0.08741003615743326,0.08233263634595082,-0.00012158342184986903,0.06406817606304802,0.9989177306993138,0.08741003615743335,2.6570126990566743,tci_same_scale_MTC
0.9990393141211636,arx_external_plus_target_lags,2,Residual_ARX_ElasticNet,ARX,0.050417604898953784,0.2945234216033926,0.0691533656791766,0.08233263634595082,0.0002832949388024142,0.05041760489895345,0.9993226090599661,0.06915336567917646,2.6570126990566743,tci_same_scale_MTC
0.9990393141211636,external_only,2,Residual_Exog_RandomForest,Exog,0.06326791307121746,-0.07461815920897186,0.0853491321760521,0.08233263634595082,-7.11507934718636e-05,0.06326791307121746,0.9989681633276918,0.08534913217605208,2.6570126990566743,tci_same_scale_MTC
0.9990393141211636,arx_external_plus_target_lags,2,Residual_ARX_RandomForest,ARX,0.0647930975376045,-0.10181045929731103,0.08642222979018548,0.08233263634595082,-9.726054435887921e-05,0.0647930975376046,0.9989420535768048,0.08642222979018582,2.6570126990566743,tci_same_scale_MTC
0.9990393141211636,external_only,2,Residual_Exog_ExtraTrees,Exog,0.060973589539837704,0.005237136482274529,0.08211675970431398,0.08233263634595082,5.525393195981998e-06,0.06097358953983746,0.9990448395143596,0.08211675970431362,2.6570126990566743,tci_same_scale_MTC
0.9990393141211636,arx_external_plus_target_lags,2,Residual_ARX_ExtraTrees,ARX,0.062190958950695124,-0.01614216464715934,0.08299448958835805,0.08233263634595082,-1.5002779294448487e-05,0.062190958950695284,0.9990243113418692,0.08299448958835799,2.6570126990566743,tci_same_scale_MTC
0.9989743282186277,residual_mean,3,Residual_Mean,Mean,0.08980728752135124,-0.00707457326453409,0.13898780747923395,0.1384987610872886,0.0,0.08980728752135107,0.9989743282186277,0.1389878074792338,4.339827829178765,tci_same_scale_MTC
0.9989743282186277,external_only,3,Residual_Exog_Ridge,Exog,0.12082114245163561,-0.6745720043128949,0.1792246750719753,0.1384987610872886,-0.0006798238157732506,0.12082114245163551,0.9982945044028545,0.17922467507197526,4.339827829178765,tci_same_scale_MTC
0.9989743282186277,arx_external_plus_target_lags,3,Residual_ARX_Ridge,ARX,0.09538692431461611,-0.17121756120617215,0.149887244714762,0.1384987610872886,-0.00016717414510447615,0.09538692431461614,0.9988071540735233,0.14988724471476203,4.339827829178765,tci_same_scale_MTC
0.9989743282186277,external_only,3,Residual_Exog_ElasticNet,Exog,0.09044949091366394,-0.013950231773177668,0.13946146015563657,0.1384987610872886,-7.002628303776071e-06,0.09044949091366392,0.998967325590324,0.13946146015563682,4.339827829178765,tci_same_scale_MTC
0.9989743282186277,arx_external_plus_target_lags,3,Residual_ARX_ElasticNet,ARX,0.08032975555851495,0.12523015546663252,0.12953668842902744,0.1384987610872886,0.00013474794260937006,0.08032975555851496,0.9991090761612371,0.12953668842902732,4.339827829178765,tci_same_scale_MTC
0.9989743282186277,external_only,3,Residual_Exog_RandomForest,Exog,0.09117779434448887,-0.024766101673369123,0.1402033090813989,0.1384987610872886,-1.801823016889248e-05,0.0911777943444891,0.9989563099884589,0.14020330908139914,4.339827829178765,tci_same_scale_MTC
0.9989743282186277,arx_external_plus_target_lags,3,Residual_ARX_RandomForest,ARX,0.08979268270854383,-0.009878024686492681,0.1391811272114241,0.1384987610872886,-2.85522153997686e-06,0.08979268270854379,0.9989714729970878,0.1391811272114241,4.339827829178765,tci_same_scale_MTC
0.9989743282186277,external_only,3,Residual_Exog_ExtraTrees,Exog,0.09113113064224702,-0.024712002222624152,0.14019960822609642,0.1384987610872886,-1.7963131687115386e-05,0.09113113064224701,0.9989563650869406,0.14019960822609662,4.339827829178765,tci_same_scale_MTC
0.9989743282186277,arx_external_plus_target_lags,3,Residual_ARX_ExtraTrees,ARX,0.09042378662438227,-0.014954767608204245,0.1395305263429109,0.1384987610872886,-8.025714465120792e-06,0.09042378662438233,0.9989663025041626,0.13953052634291116,4.339827829178765,tci_same_scale_MTC
0.9986312752701997,residual_mean,1,Residual_Mean,Mean,0.35396940904571855,-0.04633447186752648,0.5036802301247905,0.4924018069689571,0.0,0.3539694090457188,0.9986312752701997,0.5036802301247907,13.614348006550268,tci_within_gold
0.9986312752701997,external_only,1,Residual_Exog_Ridge,Exog,0.47298599050592954,-0.5320928820926956,0.609483826424513,0.4924018069689571,-0.0006354273577521274,0.4729859905059293,0.9979958479124476,0.609483826424513,13.614348006550268,tci_within_gold
0.9986312752701997,arx_external_plus_target_lags,1,Residual_ARX_Ridge,ARX,0.8399234962744798,-2.863383240786982,0.9678399255546063,0.4924018069689571,-0.003685020821489249,0.8399234962744799,0.9949462544487104,0.9678399255546063,13.614348006550268,tci_within_gold
0.9986312752701997,external_only,1,Residual_Exog_ElasticNet,Exog,0.5049621116359277,-0.7336705924413198,0.6483401680436949,0.4924018069689571,-0.0008991139747458465,0.5049621116359277,0.9977321612954538,0.6483401680436949,13.614348006550268,tci_within_gold
0.9986312752701997,arx_external_plus_target_lags,1,Residual_ARX_ElasticNet,ARX,0.5456894226212909,-0.9218808284528357,0.6826260620959689,0.4924018069689571,-0.0011453144119452086,0.545689422621291,0.9974859608582545,0.682626062095969,13.614348006550268,tci_within_gold
0.9986312752701997,external_only,1,Residual_Exog_RandomForest,Exog,0.3559900757297531,-0.07544603714090492,0.5106389633871006,0.4924018069689571,-3.808124494053544e-05,0.355990075729753,0.9985931940252591,0.5106389633871005,13.614348006550268,tci_within_gold
0.9986312752701997,arx_external_plus_target_lags,1,Residual_ARX_RandomForest,ARX,0.35575253494534126,-0.07238550712211311,0.509911851431256,0.4924018069689571,-3.407772289698574e-05,0.35575253494534137,0.9985971975473027,0.5099118514312561,13.614348006550268,tci_within_gold
0.9986312752701997,external_only,1,Residual_Exog_ExtraTrees,Exog,0.3859296057043287,-0.2041327490601006,0.5403271896189937,0.4924018069689571,-0.00020641812930799475,0.3859296057043288,0.9984248571408917,0.5403271896189937,13.614348006550268,tci_within_gold
0.9986312752701997,arx_external_plus_target_lags,1,Residual_ARX_ExtraTrees,ARX,0.3750293412223027,-0.1494747717848306,0.5279215129553374,0.4924018069689571,-0.000134919266192135,0.3750293412223028,0.9984963560040075,0.5279215129553376,13.614348006550268,tci_within_gold
0.998785431478206,residual_mean,2,Residual_Mean,Mean,0.20660809254371482,-0.019471319050136326,0.286366179525865,0.283618280331687,0.0,0.2066080925437153,0.998785431478206,0.2863661795258652,8.216951335892492,tci_within_gold
0.998785431478206,external_only,2,Residual_Exog_Ridge,Exog,0.5754189523391807,-6.97082517192932,0.8007295597856565,0.283618280331687,-0.008281641097490966,0.5754189523391805,0.990503790380715,0.8007295597856565,8.216951335892492,tci_within_gold
0.998785431478206,arx_external_plus_target_lags,2,Residual_ARX_Ridge,ARX,0.46906757645301284,-3.8420950938126692,0.6240952491421019,0.283618280331687,-0.004554162947726703,0.4690675764530128,0.9942312685304793,0.6240952491421019,8.216951335892492,tci_within_gold
0.998785431478206,external_only,2,Residual_Exog_ElasticNet,Exog,0.2849870652090189,-0.8587375444679108,0.38667247218987366,0.283618280331687,-0.0009998774067985217,0.28498706520901895,0.9977855540714075,0.38667247218987383,8.216951335892492,tci_within_gold
0.998785431478206,arx_external_plus_target_lags,2,Residual_ARX_ElasticNet,ARX,0.3584249748182412,-1.831133861212341,0.47721536849773444,0.283618280331687,-0.002158362138008685,0.35842497481824137,0.9966270693401973,0.47721536849773444,8.216951335892492,tci_within_gold
0.998785431478206,external_only,2,Residual_Exog_RandomForest,Exog,0.21490474819012886,-0.09655011618795184,0.2969945378174108,0.283618280331687,-9.182944036978391e-05,0.21490474819012892,0.9986936020378362,0.29699453781741086,8.216951335892492,tci_within_gold
0.998785431478206,arx_external_plus_target_lags,2,Residual_ARX_RandomForest,ARX,0.2190463257335799,-0.10225293030053684,0.29776582415323233,0.283618280331687,-9.862360748102983e-05,0.21904632573357968,0.998686807870725,0.2977658241532323,8.216951335892492,tci_within_gold
0.998785431478206,external_only,2,Residual_Exog_ExtraTrees,Exog,0.21570272543759275,-0.07943604759439937,0.294667798207249,0.283618280331687,-7.14402360780797e-05,0.21570272543759308,0.9987139912421279,0.29466779820724937,8.216951335892492,tci_within_gold
0.998785431478206,arx_external_plus_target_lags,2,Residual_ARX_ExtraTrees,ARX,0.20784655698147286,-0.035506206838392895,0.2886094669090539,0.283618280331687,-1.910349962208624e-05,0.20784655698147278,0.9987663279785839,0.2886094669090538,8.216951335892492,tci_within_gold
0.9985386684027153,residual_mean,3,Residual_Mean,Mean,0.25126648339784724,-0.03583118166336985,0.37726810675974864,0.3706855036163961,0.0,0.2512664833978476,0.9985386684027153,0.37726810675974903,9.869058089439527,tci_within_gold
0.9985386684027153,external_only,3,Residual_Exog_Ridge,Exog,0.43200275685946204,-1.3458538746496744,0.5677486110637021,0.3706855036163961,-0.0018481559430820749,0.432002756859462,0.9966905124596332,0.5677486110637018,9.869058089439527,tci_within_gold
0.9985386684027153,arx_external_plus_target_lags,3,Residual_ARX_Ridge,ARX,0.515690756984457,-2.10375127508849,0.653053945914812,0.3706855036163961,-0.0029173836689578847,0.5156907569844571,0.9956212847337574,0.653053945914812,9.869058089439527,tci_within_gold
0.9985386684027153,external_only,3,Residual_Exog_ElasticNet,Exog,0.3154543159751671,-0.49465585684245816,0.4531857094389109,0.3706855036163961,-0.000647301420658497,0.3154543159751673,0.9978913669820568,0.4531857094389109,9.869058089439527,tci_within_gold
0.9985386684027153,arx_external_plus_target_lags,3,Residual_ARX_ElasticNet,ARX,0.32063197377210184,-0.38633897295929387,0.43645584970387896,0.3706855036163961,-0.0004944899512415724,0.32063197377210173,0.9980441784514738,0.4364558497038787,9.869058089439527,tci_within_gold
0.9985386684027153,external_only,3,Residual_Exog_RandomForest,Exog,0.25130623120725104,-0.028534681562464304,0.37593700106587297,0.3706855036163961,1.0293768266333991e-05,0.2513062312072513,0.9985489621709817,0.37593700106587324,9.869058089439527,tci_within_gold
0.9985386684027153,arx_external_plus_target_lags,3,Residual_ARX_RandomForest,ARX,0.24887836355668222,-0.015588475665393009,0.37356354190815105,0.3706855036163961,2.8558037654224933e-05,0.24887836355668227,0.9985672264403695,0.37356354190815116,9.869058089439527,tci_within_gold
0.9985386684027153,external_only,3,Residual_Exog_ExtraTrees,Exog,0.24886750603772065,-0.013612400771375821,0.37319993549381086,0.3706855036163961,3.134584780362104e-05,0.24886750603772073,0.998570014250519,0.37319993549381064,9.869058089439527,tci_within_gold
0.9985386684027153,arx_external_plus_target_lags,3,Residual_ARX_ExtraTrees,ARX,0.24749021676846397,-0.009217536579535057,0.3723899884328098,0.3706855036163961,3.75460414480111e-05,0.24749021676846392,0.9985762144441633,0.37238998843280974,9.869058089439527,tci_within_gold
0.9938041764123469,residual_mean,1,Residual_Mean,Mean,0.2555836146180214,-0.04307728608860861,0.3788969777411823,0.3709905924673703,0.0,0.25558361461802087,0.9938041764123469,0.378896977741182,4.813617964809583,tci_within_silver
0.9938041764123469,external_only,1,Residual_Exog_Ridge,Exog,0.8668615398001499,-8.04670677760907,1.115856002736532,0.3709905924673703,-0.04754113338653099,0.8668615398001499,0.9462630430258159,1.115856002736532,4.813617964809583,tci_within_silver
0.9938041764123469,arx_external_plus_target_lags,1,Residual_ARX_Ridge,ARX,1.8654816236453926,-31.6077015524942,2.11847327994114,0.3709905924673703,-0.18749218890439234,1.8654816236453926,0.8063119875079545,2.11847327994114,4.813617964809583,tci_within_silver
0.9938041764123469,external_only,1,Residual_Exog_ElasticNet,Exog,0.5347872442789066,-3.149844902431105,0.7557511727084536,0.3709905924673703,-0.018454034361032767,0.5347872442789066,0.9753501420513141,0.7557511727084537,4.813617964809583,tci_within_silver
0.9938041764123469,arx_external_plus_target_lags,1,Residual_ARX_ElasticNet,ARX,1.0263654756928664,-9.78508658337479,1.2183574267327135,0.3709905924673703,-0.057867016950971184,1.0263654756928664,0.9359371594613757,1.2183574267327135,4.813617964809583,tci_within_silver
0.9938041764123469,external_only,1,Residual_Exog_RandomForest,Exog,0.2457655521899074,-0.016714772995164662,0.3740782553089342,0.3709905924673703,0.00015659192528927335,0.24576555218990753,0.9939607683376361,0.37407825530893435,4.813617964809583,tci_within_silver
0.9938041764123469,arx_external_plus_target_lags,1,Residual_ARX_RandomForest,ARX,0.2384723769589197,0.0170138464241536,0.36782106468415837,0.3709905924673703,0.0003569381302773733,0.23847237695892012,0.9941611145426242,0.36782106468415865,4.813617964809583,tci_within_silver
0.9938041764123469,external_only,1,Residual_Exog_ExtraTrees,Exog,0.24326723908735984,-0.006926934530724349,0.3722732887851986,0.3709905924673703,0.00021473116505499323,0.24326723908735973,0.9940189075774019,0.37227328878519844,4.813617964809583,tci_within_silver
0.9938041764123469,arx_external_plus_target_lags,1,Residual_ARX_ExtraTrees,ARX,0.24115116844714019,0.0002028246677346912,0.3709529675376327,0.3709905924673703,0.0002570815553906147,0.24115116844714007,0.9940612579677375,0.37095296753763257,4.813617964809583,tci_within_silver
0.9964299854913706,residual_mean,2,Residual_Mean,Mean,0.23042081091309863,-0.0012217555434781424,0.33949731465776395,0.3392901131375603,0.0,0.23042081091309838,0.9964299854913706,0.33949731465776384,5.68200161615723,tci_within_silver
0.9964299854913706,external_only,2,Residual_Exog_Ridge,Exog,0.3958815328143571,-1.2932422357549886,0.5138024495699866,0.3392901131375603,-0.004606903350095171,0.39588153281435695,0.9918230821412755,0.5138024495699864,5.68200161615723,tci_within_silver
0.9964299854913706,arx_external_plus_target_lags,2,Residual_ARX_Ridge,ARX,0.7517399939357177,-6.212507329906996,0.9112013160374646,0.3392901131375603,-0.022147321005506537,0.7517399939357178,0.9742826644858641,0.9112013160374649,5.68200161615723,tci_within_silver
0.9964299854913706,external_only,2,Residual_Exog_ElasticNet,Exog,0.275191905471285,-0.3431399688263139,0.3932165975807472,0.3392901131375603,-0.0012191634624656444,0.2751919054712851,0.995210822028905,0.39321659758074723,5.68200161615723,tci_within_silver
0.9964299854913706,arx_external_plus_target_lags,2,Residual_ARX_ElasticNet,ARX,0.3243957287166434,-0.5963322852228146,0.42867963587114,0.3392901131375603,-0.0021219607079353553,0.3243957287166433,0.9943080247834353,0.4286796358711401,5.68200161615723,tci_within_silver
0.9964299854913706,external_only,2,Residual_Exog_RandomForest,Exog,0.2436330914552339,-0.06612413275529194,0.350328195122563,0.3392901131375603,-0.00023141969000162188,0.24363309145523387,0.996198565801369,0.3503281951225631,5.68200161615723,tci_within_silver
0.9964299854913706,arx_external_plus_target_lags,2,Residual_ARX_RandomForest,ARX,0.22806413897268676,0.0039021985969271977,0.33862747736988924,0.3392901131375603,1.827026882061933e-05,0.22806413897268663,0.9964482557601912,0.3386274773698892,5.68200161615723,tci_within_silver
0.9964299854913706,external_only,2,Residual_Exog_ExtraTrees,Exog,0.2374481162223349,-0.032120023505408435,0.3446960497313922,0.3392901131375603,-0.00011017266085644462,0.23744811622233472,0.9963198128305142,0.344696049731392,5.68200161615723,tci_within_silver
0.9964299854913706,arx_external_plus_target_lags,2,Residual_ARX_ExtraTrees,ARX,0.23637048778128136,-0.018248278704834142,0.34237184788202013,0.3392901131375603,-6.071076100877537e-05,0.2363704877812815,0.9963692747303619,0.34237184788202013,5.68200161615723,tci_within_silver
0.9851066969306147,residual_mean,3,Residual_Mean,Mean,0.37893694006303347,-0.000145538739804163,0.8068911220549633,0.8068324115048486,0.0,0.37893694006303347,0.9851066969306147,0.8068911220549632,6.611795666356079,tci_within_silver
0.9851066969306147,external_only,3,Residual_Exog_Ridge,Exog,0.5313246798582432,-0.39404438112986195,0.952624257657879,0.8068324115048486,-0.005865601166193279,0.531324679858243,0.9792410957644214,0.952624257657879,6.611795666356079,tci_within_silver
0.9851066969306147,arx_external_plus_target_lags,3,Residual_ARX_Ridge,ARX,0.4436382773268681,0.0886313205861664,0.7702476566395368,0.8068324115048486,0.0013219882709828434,0.4436382773268681,0.9864286852015975,0.7702476566395368,6.611795666356079,tci_within_silver
0.9851066969306147,external_only,3,Residual_Exog_ElasticNet,Exog,0.4043194150690595,-0.0790008067556438,0.838096873944453,0.8068324115048486,-0.001174244507111677,0.4043194150690595,0.983932452423503,0.838096873944453,6.611795666356079,tci_within_silver
0.9851066969306147,arx_external_plus_target_lags,3,Residual_ARX_ElasticNet,ARX,0.3665683148922297,0.17030193195365562,0.7349255997643424,0.8068324115048486,0.0025381564383584188,0.36656831489222985,0.9876448533689731,0.7349255997643426,6.611795666356079,tci_within_silver
0.9851066969306147,external_only,3,Residual_Exog_RandomForest,Exog,0.38353661827995356,-0.002155365909505491,0.807701453018511,0.8068324115048486,-2.992860938333397e-05,0.38353661827995345,0.9850767683212314,0.807701453018511,6.611795666356079,tci_within_silver
0.9851066969306147,arx_external_plus_target_lags,3,Residual_ARX_RandomForest,ARX,0.37116598142555784,0.0029336770329214668,0.8056480493753208,0.8068324115048486,4.585302032844574e-05,0.37116598142555807,0.9851525499509431,0.8056480493753206,6.611795666356079,tci_within_silver
0.9851066969306147,external_only,3,Residual_Exog_ExtraTrees,Exog,0.3812122627271909,-0.0020510935080346737,0.807659432008638,0.8068324115048486,-2.837587488946358e-05,0.38121226272719105,0.9850783210557252,0.807659432008638,6.611795666356079,tci_within_silver
0.9851066969306147,arx_external_plus_target_lags,3,Residual_ARX_ExtraTrees,ARX,0.3813203011959006,-0.0018130076626681202,0.8075634769703517,0.8068324115048486,-2.4830506226369842e-05,0.38132030119590077,0.9850818664243883,0.8075634769703518,6.611795666356079,tci_within_silver
0.9982079963695283,residual_mean,1,Residual_Mean,Mean,0.20202394099677995,-0.08780339782501922,0.3000479213728995,0.2876838068190781,0.0,0.2020239409967798,0.9982079963695283,0.3000479213728993,7.087958725090686,tci_within_platinum
0.9982079963695283,external_only,1,Residual_Exog_Ridge,Exog,0.23769717036546759,-0.3104369384219232,0.3293240746293842,0.2876838068190781,-0.0003667575536279166,0.2376971703654677,0.9978412388159004,0.3293240746293842,7.087958725090686,tci_within_platinum
0.9982079963695283,arx_external_plus_target_lags,1,Residual_ARX_Ridge,ARX,0.528046809193296,-3.231343198873744,0.5917721777293647,0.2876838068190781,-0.005178541221028454,0.528046809193296,0.9930294551484998,0.5917721777293649,7.087958725090686,tci_within_platinum
0.9982079963695283,external_only,1,Residual_Exog_ElasticNet,Exog,0.20598103058388265,-0.1110007562928852,0.30323029906090276,0.2876838068190781,-3.821439671436444e-05,0.20598103058388265,0.9981697819728139,0.30323029906090254,7.087958725090686,tci_within_platinum
0.9982079963695283,arx_external_plus_target_lags,1,Residual_ARX_ElasticNet,ARX,0.24267029512441957,-0.25320469418303815,0.32205231359967473,0.2876838068190781,-0.0002724754529641604,0.24267029512441968,0.9979355209165641,0.322052313599675,7.087958725090686,tci_within_platinum
0.9982079963695283,external_only,1,Residual_Exog_RandomForest,Exog,0.18869007160637552,-0.006712479434435981,0.2886477277680503,0.2876838068190781,0.0001335859222767466,0.1886900716063754,0.998341582291805,0.2886477277680501,7.087958725090686,tci_within_platinum
0.9982079963695283,arx_external_plus_target_lags,1,Residual_ARX_RandomForest,ARX,0.18735228595514744,-0.005878658664185021,0.28852816516560276,0.2876838068190781,0.00013495952512665443,0.18735228595514733,0.9983429558946549,0.2885281651656028,7.087958725090686,tci_within_platinum
0.9982079963695283,external_only,1,Residual_Exog_ExtraTrees,Exog,0.19181469379290866,-0.02795887889879345,0.2916777411429035,0.2876838068190781,9.858545707253086e-05,0.19181469379290866,0.9983065818266008,0.2916777411429035,7.087958725090686,tci_within_platinum
0.9982079963695283,arx_external_plus_target_lags,1,Residual_ARX_ExtraTrees,ARX,0.18834512128526743,-0.015835667760878636,0.28995269236363796,0.2876838068190781,0.0001185567482226979,0.1883451212852673,0.998326553117751,0.2899526923636377,7.087958725090686,tci_within_platinum
0.9992250794985305,residual_mean,2,Residual_Mean,Mean,0.16928506244215347,-0.0075681463413566075,0.23183704439281677,0.23096470443943712,0.0,0.16928506244215288,0.9992250794985305,0.23183704439281638,8.328259638015401,tci_within_platinum
0.9992250794985305,external_only,2,Residual_Exog_Ridge,Exog,0.32690996868419564,-1.8496701180777642,0.38989073140489305,0.23096470443943712,-0.0014167603341564972,0.3269099686841956,0.997808319164374,0.38989073140489305,8.328259638015401,tci_within_platinum
0.9992250794985305,arx_external_plus_target_lags,2,Residual_ARX_Ridge,ARX,0.17745915292849002,0.01205877580369119,0.22956790494999843,0.23096470443943712,1.509506270735983e-05,0.17745915292849002,0.9992401745612378,0.2295679049499984,8.328259638015401,tci_within_platinum
0.9992250794985305,external_only,2,Residual_Exog_ElasticNet,Exog,0.19485665542955502,-0.21811657980230548,0.2549118613455639,0.23096470443943712,-0.0001619327667649051,0.19485665542955463,0.9990631467317656,0.2549118613455637,8.328259638015401,tci_within_platinum
0.9992250794985305,arx_external_plus_target_lags,2,Residual_ARX_ElasticNet,ARX,0.15071909438090816,0.23760695396579945,0.20166711253859707,0.23096470443943712,0.0001885641307416419,0.15071909438090833,0.9994136436292721,0.20166711253859732,8.328259638015401,tci_within_platinum
0.9992250794985305,external_only,2,Residual_Exog_RandomForest,Exog,0.17657635602181382,-0.04685638243639878,0.2363138466371841,0.23096470443943712,-3.0216576146435692e-05,0.17657635602181382,0.999194862922384,0.2363138466371842,8.328259638015401,tci_within_platinum
0.9992250794985305,arx_external_plus_target_lags,2,Residual_ARX_RandomForest,ARX,0.17959788226014817,-0.07190312933317289,0.23912412086366133,0.23096470443943712,-4.948002521032446e-05,0.17959788226014795,0.9991755994733201,0.23912412086366128,8.328259638015401,tci_within_platinum
0.9992250794985305,external_only,2,Residual_Exog_ExtraTrees,Exog,0.17110920364823365,-0.012391991960325255,0.232391354668381,0.23096470443943712,-3.7100189000938144e-06,0.171109203648234,0.9992213694796304,0.23239135466838126,8.328259638015401,tci_within_platinum
0.9992250794985305,arx_external_plus_target_lags,2,Residual_ARX_ExtraTrees,ARX,0.1733032411222221,-0.02594495519961537,0.23394170301774347,0.23096470443943712,-1.4133600776844446e-05,0.17330324112222179,0.9992109458977536,0.23394170301774359,8.328259638015401,tci_within_platinum
0.9173334097769409,residual_mean,3,Residual_Mean,Mean,0.26938046503476365,-0.00013711901686086492,1.031467587301072,1.0313968776619686,0.0,0.26938046503476426,0.9173334097769409,1.0314675873010721,3.5874889583192084,tci_within_platinum
0.9173334097769409,external_only,3,Residual_Exog_Ridge,Exog,0.4035170440001247,-0.12877555358289317,1.0957957454437077,1.0313968776619686,-0.010632642819675908,0.4035170440001245,0.906700766957265,1.0957957454437077,3.5874889583192084,tci_within_platinum
0.9173334097769409,arx_external_plus_target_lags,3,Residual_ARX_Ridge,ARX,0.3741917737150903,0.3607896602355729,0.8246083118273668,1.0313968776619686,0.02983249555852796,0.3741917737150902,0.9471659053354688,0.8246083118273668,3.5874889583192084,tci_within_platinum
0.9173334097769409,external_only,3,Residual_Exog_ElasticNet,Exog,0.280538447055265,-0.007761845046916571,1.0353919118108692,1.0313968776619686,-0.0006302236866374544,0.2805384470552651,0.9167031860903034,1.0353919118108692,3.5874889583192084,tci_within_platinum
0.9173334097769409,arx_external_plus_target_lags,3,Residual_ARX_ElasticNet,ARX,0.2417771463189106,0.2416470560435955,0.8981761131005528,1.0313968776619686,0.0199847330351971,0.24177714631891087,0.937318142812138,0.8981761131005529,3.5874889583192084,tci_within_platinum
0.9173334097769409,external_only,3,Residual_Exog_RandomForest,Exog,0.27322291010217314,-0.0021178388940761295,1.0324884662268383,1.0313968776619686,-0.0001637169097346014,0.27322291010217287,0.9171696928672063,1.0324884662268377,3.5874889583192084,tci_within_platinum
0.9173334097769409,arx_external_plus_target_lags,3,Residual_ARX_RandomForest,ARX,0.2796830699501688,-0.0027291081575280263,1.032803315551735,1.0313968776619686,-0.0002142415275665499,0.2796830699501687,0.9171191682493743,1.0328033155517349,3.5874889583192084,tci_within_platinum
0.9173334097769409,external_only,3,Residual_Exog_ExtraTrees,Exog,0.2743580945466132,-0.0016737739406098573,1.0322596793872822,1.0313968776619686,-0.0001270126070520572,0.2743580945466136,0.9172063971698888,1.0322596793872822,3.5874889583192084,tci_within_platinum
0.9173334097769409,arx_external_plus_target_lags,3,Residual_ARX_ExtraTrees,ARX,0.27419868517389184,-0.0019328290010680593,1.0323931533850894,1.0313968776619686,-0.0001484248695517998,0.2741986851738921,0.9171849849073891,1.0323931533850896,3.5874889583192084,tci_within_platinum
0.9990715542903524,residual_mean,1,Residual_Mean,Mean,0.230671806420803,-0.0012763947756893046,0.3361262318028335,0.335911922055784,0.0,0.23067180642080318,0.9990715542903524,0.33612623180283335,11.031235341013968,tci_within_palladium
0.9990715542903524,external_only,1,Residual_Exog_Ridge,Exog,0.2966423533436778,-0.4554882880357678,0.4052563004638536,0.335911922055784,-0.00042117349991321884,0.2966423533436777,0.9986503807904392,0.4052563004638536,11.031235341013968,tci_within_palladium
0.9990715542903524,arx_external_plus_target_lags,1,Residual_ARX_Ridge,ARX,0.5870968959208318,-3.478820261658438,0.7108979060995357,0.335911922055784,-0.0032245948273271763,0.5870968959208317,0.9958469594630253,0.7108979060995355,11.031235341013968,tci_within_palladium
0.9990715542903524,external_only,1,Residual_Exog_ElasticNet,Exog,0.2560314044213487,-0.13241917579892437,0.3574612958086209,0.335911922055784,-0.0001216037380163959,0.2560314044213489,0.998949950552336,0.35746129580862096,11.031235341013968,tci_within_palladium
0.9990715542903524,arx_external_plus_target_lags,1,Residual_ARX_ElasticNet,ARX,0.28734096286256516,-0.23804981845283635,0.37376142624303516,0.335911922055784,-0.00021955103557680378,0.2873409628625655,0.9988520032547756,0.3737614262430355,11.031235341013968,tci_within_palladium
0.9990715542903524,external_only,1,Residual_Exog_RandomForest,Exog,0.23644209026261373,-0.01708752492397747,0.33876971727516575,0.335911922055784,-1.4661062647136625e-05,0.23644209026261365,0.9990568932277053,0.3387697172751656,11.031235341013968,tci_within_palladium
0.9990715542903524,arx_external_plus_target_lags,1,Residual_ARX_RandomForest,ARX,0.23540759003539025,-0.013847758607752558,0.3382297391064851,0.335911922055784,-1.165694994431643e-05,0.23540759003539027,0.9990598973404081,0.33822973910648507,11.031235341013968,tci_within_palladium
0.9990715542903524,external_only,1,Residual_Exog_ExtraTrees,Exog,0.23638554824146654,-0.019810449443034672,0.3392228876193878,0.335911922055784,-1.718592751021042e-05,0.23638554824146651,0.9990543683628422,0.33922288761938796,11.031235341013968,tci_within_palladium
0.9990715542903524,arx_external_plus_target_lags,1,Residual_ARX_ExtraTrees,ARX,0.22960736693569248,0.006225296563443616,0.33486471404927065,0.335911922055784,6.956034492855423e-06,0.22960736693569236,0.9990785103248453,0.33486471404927054,11.031235341013968,tci_within_palladium
0.9997200097008908,residual_mean,2,Residual_Mean,Mean,0.09033501876931742,-0.008571370071901674,0.13174302737272428,0.13118202212439078,0.0,0.090335018769318,0.9997200097008908,0.13174302737272484,7.87328816011417,tci_within_palladium
0.9997200097008908,external_only,2,Residual_Exog_Ridge,Exog,0.2611440822549362,-5.9474811473935265,0.34577055704249016,0.13118202212439078,-0.0016487054602950524,0.26114408225493607,0.9980713042405958,0.34577055704249016,7.87328816011417,tci_within_palladium
0.9997200097008908,arx_external_plus_target_lags,2,Residual_ARX_Ridge,ARX,0.3332352935827212,-10.18466563804911,0.43871837437553723,0.13118202212439078,-0.0028249936121538255,0.3332352935827211,0.996895016088737,0.43871837437553723,7.87328816011417,tci_within_palladium
0.9997200097008908,external_only,2,Residual_Exog_ElasticNet,Exog,0.15865512196528872,-1.4975505833280427,0.20731535396290807,0.13118202212439078,-0.0004133567020222495,0.1586551219652887,0.9993066529988686,0.20731535396290804,7.87328816011417,tci_within_palladium
0.9997200097008908,arx_external_plus_target_lags,2,Residual_ARX_ElasticNet,ARX,0.1424039313115092,-0.9497912336679755,0.1831759184742674,0.13118202212439078,-0.0002612927939021903,0.14240393131150877,0.9994587169069886,0.1831759184742669,7.87328816011417,tci_within_palladium
0.9997200097008908,external_only,2,Residual_Exog_RandomForest,Exog,0.09261862070148687,-0.05488835323656471,0.1347341136887824,0.13118202212439078,-1.2858094483925164e-05,0.09261862070148674,0.9997071516064069,0.13473411368878233,7.87328816011417,tci_within_palladium
0.9997200097008908,arx_external_plus_target_lags,2,Residual_ARX_RandomForest,ARX,0.0905823942972618,0.007091055198171103,0.13071608517878397,0.13118202212439078,4.348058319170178e-06,0.09058239429726136,0.99972435775921,0.13071608517878372,7.87328816011417,tci_within_palladium
0.9997200097008908,external_only,2,Residual_Exog_ExtraTrees,Exog,0.09036426589250766,-0.013748088813741122,0.13208069495516073,0.13118202212439078,-1.437113001601098e-06,0.09036426589250791,0.9997185725878892,0.1320806949551608,7.87328816011417,tci_within_palladium
0.9997200097008908,arx_external_plus_target_lags,2,Residual_ARX_ExtraTrees,ARX,0.0871680045183894,0.026628082210865656,0.12942367495847196,0.13118202212439078,9.771747905618078e-06,0.08716800451838953,0.9997297814487964,0.129423674958472,7.87328816011417,tci_within_palladium
0.9976352209110197,residual_mean,3,Residual_Mean,Mean,0.2125478433469506,-0.005487582322070583,0.4921841742900004,0.49083925643920406,0.0,0.21254784334695048,0.9976352209110197,0.49218417429000066,10.12120816254194,tci_within_palladium
0.9976352209110197,external_only,3,Residual_Exog_Ridge,Exog,0.2295675118035374,-0.06957421112805129,0.5076270437544917,0.49083925643920406,-0.00015072361145784807,0.22956751180353727,0.9974844972995619,0.5076270437544917,10.12120816254194,tci_within_palladium
0.9976352209110197,arx_external_plus_target_lags,3,Residual_ARX_Ridge,ARX,0.2638203331096755,0.17962232224447405,0.44457619748127153,0.49083925643920406,0.0004353549851617844,0.26382033310967573,0.9980705758961815,0.4445761974812716,10.12120816254194,tci_within_palladium
0.9976352209110197,external_only,3,Residual_Exog_ElasticNet,Exog,0.20815315460079517,0.002193862412353642,0.49030054391407873,0.49083925643920406,1.806578241292378e-05,0.208153154600795,0.9976532866934327,0.4903005439140788,10.12120816254194,tci_within_palladium
0.9976352209110197,arx_external_plus_target_lags,3,Residual_ARX_ElasticNet,ARX,0.21067795645334517,0.18520642268825238,0.4430605558552657,0.49083925643920406,0.0004484880801818303,0.21067795645334506,0.9980837089912016,0.4430605558552654,10.12120816254194,tci_within_palladium
0.9976352209110197,external_only,3,Residual_Exog_RandomForest,Exog,0.2133395886647888,-0.008245218145585653,0.4928586407900844,0.49083925643920406,-6.4856092159004675e-06,0.21333958866478867,0.9976287353018038,0.4928586407900842,10.12120816254194,tci_within_palladium
0.9976352209110197,arx_external_plus_target_lags,3,Residual_ARX_RandomForest,ARX,0.2113270856621319,0.007424056672148405,0.4890138529244787,0.49083925643920406,3.0366535037185116e-05,0.211327085662132,0.9976655874460569,0.4890138529244788,10.12120816254194,tci_within_palladium
0.9976352209110197,external_only,3,Residual_Exog_ExtraTrees,Exog,0.21206405830092245,-0.00538216271356462,0.49215837226920284,0.49083925643920406,2.4793353015084563e-07,0.21206405830092273,0.9976354688445499,0.49215837226920317,10.12120816254194,tci_within_palladium
0.9976352209110197,arx_external_plus_target_lags,3,Residual_ARX_ExtraTrees,ARX,0.21075303063772372,-0.0016029512854198735,0.4912324946254118,0.49083925643920406,9.136158820255424e-06,0.21075303063772352,0.99764435706984,0.49123249462541174,10.12120816254194,tci_within_palladium
