network_id,network_type,network_scale,network_metal,source,target,selected_lag_bic,selected_lag_aic,f_stat,p_value,fdr_p_value,significant_5pct,n_obs,full_model_aic,full_model_bic
same_scale_STC,same_scale_cross_metal,STC,,gold_futures_STC,silver_futures_STC,5,5,81.77756445832122,7.735237758516722e-81,3.18249782064688e-79,True,3095,13291.575441657453,13357.988416693759
same_scale_STC,same_scale_cross_metal,STC,,gold_futures_STC,platinum_futures_STC,5,5,26.93153597770235,9.567914365033147e-27,1.1980692770128463e-25,True,3095,11932.391815747917,11998.804790784223
same_scale_STC,same_scale_cross_metal,STC,,gold_futures_STC,palladium_futures_STC,5,5,12.12832448373173,1.1687931483893251e-11,5.1786527190173173e-11,True,3095,13833.973195688783,13900.386170725089
same_scale_STC,same_scale_cross_metal,STC,,gold_futures_STC,gold_spot_STC,5,5,77.52976374550536,8.757919799925286e-77,2.8025343359760914e-75,True,3095,8327.654801237262,8394.067776273569
same_scale_STC,same_scale_cross_metal,STC,,gold_futures_STC,silver_spot_STC,5,5,45.81866714087086,8.677495061070427e-46,2.4991185775882833e-44,True,3095,12672.924914706578,12739.337889742885
same_scale_STC,same_scale_cross_metal,STC,,gold_futures_STC,platinum_spot_STC,5,5,28.253714536083105,4.326977500658371e-28,6.230847600948053e-27,True,3095,11550.588101613539,11617.001076649845
same_scale_STC,same_scale_cross_metal,STC,,gold_futures_STC,palladium_spot_STC,5,5,10.341509853465974,7.49396767494746e-10,2.697828362981086e-09,True,3095,13410.487684592274,13476.90065962858
same_scale_STC,same_scale_cross_metal,STC,,silver_futures_STC,gold_futures_STC,5,5,5.5227209362409235,4.549260535301723e-05,0.00011009975077032741,True,3095,8237.20105122367,8303.614026259977
same_scale_STC,same_scale_cross_metal,STC,,silver_futures_STC,gold_spot_STC,5,5,4.341886993313812,0.0006118149934349895,0.0012585908436376924,True,3095,8672.399034023474,8738.81200905978
same_scale_STC,same_scale_cross_metal,STC,,silver_futures_STC,silver_spot_STC,5,5,11.228196216756833,9.533818008883243e-11,3.7104589007545595e-10,True,3095,12838.862095944562,12905.275070980868
same_scale_STC,same_scale_cross_metal,STC,,silver_futures_STC,platinum_spot_STC,5,5,2.7135904350573403,0.018774876621522097,0.030377328466282945,True,3095,11675.622861464211,11742.035836500518
same_scale_STC,same_scale_cross_metal,STC,,silver_futures_STC,palladium_spot_STC,5,5,2.628858688676749,0.02225533322226967,0.03544003724488059,True,3095,13448.786300627555,13515.199275663861
same_scale_STC,same_scale_cross_metal,STC,,platinum_futures_STC,gold_futures_STC,5,5,7.200123158331399,1.0368928227346638e-06,3.016415484319022e-06,True,3095,8228.870042871175,8295.28301790748
same_scale_STC,same_scale_cross_metal,STC,,platinum_futures_STC,silver_futures_STC,5,5,36.66110157045678,1.328468848652422e-36,2.3912439275743595e-35,True,3095,13498.207572858077,13564.620547894383
same_scale_STC,same_scale_cross_metal,STC,,platinum_futures_STC,palladium_futures_STC,5,5,3.523161137002081,0.0035301954599776084,0.006394316304865102,True,3095,13876.612171274499,13943.025146310805
same_scale_STC,same_scale_cross_metal,STC,,platinum_futures_STC,gold_spot_STC,5,5,6.2934030442193,8.088195494928742e-06,2.1568521319809977e-05,True,3095,8662.690344391021,8729.103319427328
same_scale_STC,same_scale_cross_metal,STC,,platinum_futures_STC,silver_spot_STC,5,5,6.906110567309542,2.0229517772396013e-06,5.711863841617698e-06,True,3095,12860.235494714847,12926.648469751153
same_scale_STC,same_scale_cross_metal,STC,,platinum_futures_STC,platinum_spot_STC,5,5,12.425826144866294,5.8345376943862214e-12,2.6672172317194155e-11,True,3095,11627.478348273607,11693.891323309914
same_scale_STC,same_scale_cross_metal,STC,,platinum_futures_STC,palladium_spot_STC,5,5,4.113689458001277,0.0010021187917205357,0.0020042375834410714,True,3095,13441.376164720838,13507.789139757144
same_scale_STC,same_scale_cross_metal,STC,,palladium_futures_STC,gold_futures_STC,5,5,6.198402745777142,1.0017652989363964e-05,2.6468661109512124e-05,True,3095,8233.842503189822,8300.255478226129
same_scale_STC,same_scale_cross_metal,STC,,palladium_futures_STC,silver_futures_STC,2,5,13.71322787810611,1.1767131208429645e-06,3.3889337880277374e-06,True,3098,13655.329227284126,13685.52178738901
same_scale_STC,same_scale_cross_metal,STC,,palladium_futures_STC,gold_spot_STC,5,5,2.921982466909388,0.012303458039648238,0.020307109003060556,True,3095,8679.48217430255,8745.895149338856
same_scale_STC,same_scale_cross_metal,STC,,palladium_futures_STC,silver_spot_STC,5,5,4.05166748140373,0.001145252877340331,0.0022747091632690716,True,3095,12874.432532405719,12940.845507442025
same_scale_STC,same_scale_cross_metal,STC,,palladium_futures_STC,platinum_spot_STC,5,5,2.920554423669633,0.012339389151165269,0.020307109003060556,True,3095,11674.589072081684,11741.00204711799
same_scale_STC,same_scale_cross_metal,STC,,palladium_futures_STC,palladium_spot_STC,5,5,3.5479021876812515,0.003350727365812569,0.006225867621638838,True,3095,13444.197667834607,13510.610642870914
same_scale_STC,same_scale_cross_metal,STC,,gold_spot_STC,gold_futures_STC,5,5,20.91092149633386,1.3111775263904003e-20,1.0205922367579333e-19,True,3095,8161.601722592044,8228.01469762835
same_scale_STC,same_scale_cross_metal,STC,,gold_spot_STC,silver_futures_STC,5,5,37.15017629959605,4.269493899831631e-37,8.197428287676733e-36,True,3095,13495.89202551209,13562.305000548396
same_scale_STC,same_scale_cross_metal,STC,,gold_spot_STC,platinum_futures_STC,5,5,4.241012375151628,0.0007612595470831417,0.001543963025070034,True,3095,12043.454799343803,12109.867774380109
same_scale_STC,same_scale_cross_metal,STC,,gold_spot_STC,silver_spot_STC,5,5,9.298014342519206,8.403840583167817e-09,2.8143094045957337e-08,True,3095,12848.388916399024,12914.80189143533
same_scale_STC,same_scale_cross_metal,STC,,gold_spot_STC,platinum_spot_STC,5,5,3.6117752867452615,0.0029277132227762855,0.0055472461063129615,True,3095,11671.138909963487,11737.551884999793
same_scale_STC,same_scale_cross_metal,STC,,silver_spot_STC,gold_futures_STC,5,5,6.802760925043346,2.5574265905689185e-06,7.15086269984319e-06,True,3095,8230.84156148387,8297.254536520177
same_scale_STC,same_scale_cross_metal,STC,,silver_spot_STC,silver_futures_STC,5,5,94.81980044688558,3.8450029751089635e-93,2.214721713662763e-91,True,3095,13234.32548169664,13300.738456732946
same_scale_STC,same_scale_cross_metal,STC,,silver_spot_STC,platinum_futures_STC,5,5,2.588685300624345,0.024114797834229228,0.03815968008932977,True,3095,12051.700257075026,12118.113232111333
same_scale_STC,same_scale_cross_metal,STC,,platinum_spot_STC,gold_futures_STC,5,5,8.943341921634444,1.90574949367299e-08,6.166919709863158e-08,True,3095,8220.235845978363,8286.648821014669
same_scale_STC,same_scale_cross_metal,STC,,platinum_spot_STC,silver_futures_STC,5,5,38.63232343322808,1.3741485732728572e-38,2.8268199221613064e-37,True,3095,13488.885291668106,13555.298266704413
same_scale_STC,same_scale_cross_metal,STC,,platinum_spot_STC,platinum_futures_STC,5,5,26.15104912702966,5.959076281556995e-26,6.864855876353658e-25,True,3095,11936.146598982057,12002.559574018363
same_scale_STC,same_scale_cross_metal,STC,,platinum_spot_STC,palladium_futures_STC,5,5,4.5625981071306665,0.00037845446610217353,0.0008320220323467633,True,3095,13871.430412282636,13937.843387318942
same_scale_STC,same_scale_cross_metal,STC,,platinum_spot_STC,gold_spot_STC,5,5,3.0935709023809226,0.008650633461316145,0.014829657362256247,True,3095,8678.62535024975,8745.038325286056
same_scale_STC,same_scale_cross_metal,STC,,platinum_spot_STC,silver_spot_STC,5,5,2.973508899172382,0.011072734982199276,0.01854039345856623,True,3095,12879.811919694623,12946.224894730929
same_scale_STC,same_scale_cross_metal,STC,,platinum_spot_STC,palladium_spot_STC,5,5,3.540176593181159,0.0034057860618597626,0.006287277131129747,True,3095,13444.236212115618,13510.649187151925
same_scale_STC,same_scale_cross_metal,STC,,palladium_spot_STC,gold_futures_STC,5,5,5.9061991072639355,1.931043085810265e-05,4.836003554029185e-05,True,3095,8235.294485106626,8301.707460142932
same_scale_STC,same_scale_cross_metal,STC,,palladium_spot_STC,silver_futures_STC,5,5,16.10591647634752,1.0499930809879838e-15,6.2999584859279026e-15,True,3095,13597.127573908565,13663.540548944871
same_scale_STC,same_scale_cross_metal,STC,,palladium_spot_STC,platinum_futures_STC,5,5,4.795795006100224,0.00022714948428423303,0.0005151106415264497,True,3095,12040.691236657312,12107.104211693619
same_scale_STC,same_scale_cross_metal,STC,,palladium_spot_STC,palladium_futures_STC,5,5,17.80033336597295,1.961598032514439e-17,1.3779030082052646e-16,True,3095,13806.185958255188,13872.598933291494
same_scale_STC,same_scale_cross_metal,STC,,palladium_spot_STC,silver_spot_STC,5,5,3.4918952574602335,0.0037705029896693493,0.006744750689594861,True,3095,12877.224304772088,12943.637279808394
same_scale_MTC,same_scale_cross_metal,MTC,,gold_futures_MTC,silver_futures_MTC,5,5,2.9622398386751114,0.011331254690325662,0.0188635916232011,True,3095,-63580.00615068317,-63513.59317564686
same_scale_MTC,same_scale_cross_metal,MTC,,gold_futures_MTC,platinum_futures_MTC,5,5,8.411607162242968,6.483334096340022e-08,2.051868373347172e-07,True,3095,-27005.662179674247,-26939.24920463794
same_scale_MTC,same_scale_cross_metal,MTC,,gold_futures_MTC,gold_spot_MTC,5,5,10.31006939260762,8.061394004326603e-10,2.8313188698122704e-09,True,3095,-28672.879137443233,-28606.466162406927
same_scale_MTC,same_scale_cross_metal,MTC,,gold_futures_MTC,silver_spot_MTC,5,5,10.811693734399379,2.513190461796461e-10,9.399985103862088e-10,True,3095,-24337.30381295317,-24270.890837916864
same_scale_MTC,same_scale_cross_metal,MTC,,gold_futures_MTC,platinum_spot_MTC,5,5,9.28168235190687,8.727037065447084e-09,2.8889502009755863e-08,True,3095,-27524.95025696817,-27458.537281931865
same_scale_MTC,same_scale_cross_metal,MTC,,silver_futures_MTC,gold_futures_MTC,5,5,5.031741708712071,0.00013513454783074496,0.0003113499982020364,True,3095,-12535.594431018038,-12469.181455981732
same_scale_MTC,same_scale_cross_metal,MTC,,silver_futures_MTC,platinum_futures_MTC,5,5,9.090949477779214,1.3556914613240006e-08,4.436808418878548e-08,True,3095,-27009.023113716736,-26942.61013868043
same_scale_MTC,same_scale_cross_metal,MTC,,silver_futures_MTC,gold_spot_MTC,5,5,7.105190532607958,1.2869027922930038e-06,3.6695841998057934e-06,True,3095,-28657.02121847269,-28590.608243436385
same_scale_MTC,same_scale_cross_metal,MTC,,silver_futures_MTC,silver_spot_MTC,5,5,13.223118299082852,9.045534416760394e-13,4.4154473085203284e-12,True,3095,-24349.17269482073,-24282.759719784422
same_scale_MTC,same_scale_cross_metal,MTC,,silver_futures_MTC,platinum_spot_MTC,5,5,8.140723279991652,1.2077439412632612e-07,3.7003218625938216e-07,True,3095,-27519.305057095662,-27452.892082059356
same_scale_MTC,same_scale_cross_metal,MTC,,silver_futures_MTC,palladium_spot_MTC,5,5,2.913672343106009,0.012513980294053604,0.020477422299360445,True,3095,-24156.70410472944,-24090.291129693134
same_scale_MTC,same_scale_cross_metal,MTC,,platinum_futures_MTC,gold_futures_MTC,5,5,29.191540433029353,4.82270911596063e-29,7.310211712614008e-28,True,3095,-12653.56639268425,-12587.153417647944
same_scale_MTC,same_scale_cross_metal,MTC,,platinum_futures_MTC,palladium_futures_MTC,5,5,13.110824739219334,1.1763415990041645e-12,5.64643967521999e-12,True,3095,-25090.356731051957,-25023.94375601565
same_scale_MTC,same_scale_cross_metal,MTC,,platinum_futures_MTC,gold_spot_MTC,5,5,13.394504075625003,6.056875714481275e-13,3.0603161504747494e-12,True,3095,-28688.064550264273,-28621.651575227967
same_scale_MTC,same_scale_cross_metal,MTC,,platinum_futures_MTC,silver_spot_MTC,5,5,41.357297332912864,2.5167793731277986e-41,5.575634303544662e-40,True,3095,-24484.385341686044,-24417.972366649738
same_scale_MTC,same_scale_cross_metal,MTC,,platinum_futures_MTC,platinum_spot_MTC,5,5,6.032578360281946,1.4543281497563469e-05,3.773391956124575e-05,True,3095,-27508.846670266357,-27442.43369523005
same_scale_MTC,same_scale_cross_metal,MTC,,platinum_futures_MTC,palladium_spot_MTC,5,5,12.083294753949087,1.2983419653366153e-11,5.6654922123779576e-11,True,3095,-24202.163945404827,-24135.75097036852
same_scale_MTC,same_scale_cross_metal,MTC,,palladium_futures_MTC,gold_futures_MTC,5,5,11.686057147212626,3.280094917631515e-11,1.369083096054893e-10,True,3095,-12568.538804174728,-12502.125829138422
same_scale_MTC,same_scale_cross_metal,MTC,,palladium_futures_MTC,platinum_futures_MTC,5,5,9.936922840853162,1.915617308830236e-09,6.646961264374796e-09,True,3095,-27013.203790607593,-26946.790815571287
same_scale_MTC,same_scale_cross_metal,MTC,,palladium_futures_MTC,gold_spot_MTC,5,5,4.427652336005414,0.0005078173961399485,0.001075378015355185,True,3095,-28643.710403327168,-28577.29742829086
same_scale_MTC,same_scale_cross_metal,MTC,,palladium_futures_MTC,silver_spot_MTC,5,5,10.804237289769821,2.5571507268174765e-10,9.441787299018373e-10,True,3095,-24337.267042076397,-24270.85406704009
same_scale_MTC,same_scale_cross_metal,MTC,,palladium_futures_MTC,platinum_spot_MTC,5,5,7.427478017263314,6.176169854583857e-07,1.8337494001238667e-06,True,3095,-27515.770500785657,-27449.35752574935
same_scale_MTC,same_scale_cross_metal,MTC,,palladium_futures_MTC,palladium_spot_MTC,5,5,19.75269755968849,1.9945500116629073e-19,1.4728984701510701e-18,True,3095,-24239.680014913974,-24173.267039877668
same_scale_MTC,same_scale_cross_metal,MTC,,gold_spot_MTC,gold_futures_MTC,5,5,133.98376069247632,7.887640342839782e-129,1.1358202093689285e-126,True,3095,-13118.841663258667,-13052.42868822236
same_scale_MTC,same_scale_cross_metal,MTC,,gold_spot_MTC,platinum_futures_MTC,5,5,4.503333481710347,0.00043067522163346255,0.0009256303270928151,True,3095,-26986.254234717344,-26919.841259681038
same_scale_MTC,same_scale_cross_metal,MTC,,gold_spot_MTC,palladium_futures_MTC,5,5,5.8177955386042415,2.3538821176169182e-05,5.8441211196006245e-05,True,3095,-25054.314152699844,-24987.901177663538
same_scale_MTC,same_scale_cross_metal,MTC,,gold_spot_MTC,silver_spot_MTC,5,5,14.258257364313511,8.010488759045988e-14,4.43657838962547e-13,True,3095,-24354.25367512642,-24287.840700090113
same_scale_MTC,same_scale_cross_metal,MTC,,gold_spot_MTC,platinum_spot_MTC,5,5,4.356923502580605,0.0005921728934106787,0.0012269481532537804,True,3095,-27500.508730253714,-27434.095755217408
same_scale_MTC,same_scale_cross_metal,MTC,,gold_spot_MTC,palladium_spot_MTC,5,5,3.574960708588745,0.003164676223171222,0.005957037596557594,True,3095,-24160.00500680549,-24093.592031769185
same_scale_MTC,same_scale_cross_metal,MTC,,silver_spot_MTC,gold_futures_MTC,5,5,45.6762833709633,1.2034872551915494e-45,3.1509484499560565e-44,True,3095,-12731.55528636452,-12665.142311328214
same_scale_MTC,same_scale_cross_metal,MTC,,silver_spot_MTC,platinum_futures_MTC,5,5,16.18352920245355,8.750727821472962e-16,5.478716549096115e-15,True,3095,-27043.89854533848,-26977.485570302175
same_scale_MTC,same_scale_cross_metal,MTC,,silver_spot_MTC,palladium_futures_MTC,5,5,5.945650700104567,1.7675809393682448e-05,4.504985049009332e-05,True,3095,-25054.94964867195,-24988.536673635645
same_scale_MTC,same_scale_cross_metal,MTC,,silver_spot_MTC,gold_spot_MTC,5,5,11.511523398004549,4.9271550617725e-11,1.998620644775324e-10,True,3095,-28678.803045879205,-28612.3900708429
same_scale_MTC,same_scale_cross_metal,MTC,,silver_spot_MTC,platinum_spot_MTC,5,5,7.747713712388128,2.9717246686629983e-07,9.009017942894142e-07,True,3095,-27517.357863353885,-27450.94488831758
same_scale_MTC,same_scale_cross_metal,MTC,,silver_spot_MTC,palladium_spot_MTC,5,5,2.693448700026461,0.01955133024718133,0.03145688888931968,True,3095,-24155.604087957014,-24089.191112920707
same_scale_MTC,same_scale_cross_metal,MTC,,platinum_spot_MTC,gold_futures_MTC,5,5,29.63127241479276,1.7248565542789903e-29,2.9221099272491128e-28,True,3095,-12655.672469004105,-12589.259493967798
same_scale_MTC,same_scale_cross_metal,MTC,,platinum_spot_MTC,platinum_futures_MTC,5,5,21.18923280637273,6.817543036584599e-21,5.609863984389612e-20,True,3095,-27068.2778762328,-27001.864901196495
same_scale_MTC,same_scale_cross_metal,MTC,,platinum_spot_MTC,palladium_futures_MTC,5,5,16.138980784823342,9.715631646015862e-16,5.9534083277714215e-15,True,3095,-25105.199606087772,-25038.786631051466
same_scale_MTC,same_scale_cross_metal,MTC,,platinum_spot_MTC,gold_spot_MTC,5,5,13.83037488510925,2.182899703421276e-13,1.1430456628824137e-12,True,3095,-28690.204451262092,-28623.791476225786
same_scale_MTC,same_scale_cross_metal,MTC,,platinum_spot_MTC,silver_spot_MTC,5,5,42.58496080934842,1.4808447000911324e-42,3.5540272802187183e-41,True,3095,-24490.153080117787,-24423.74010508148
same_scale_MTC,same_scale_cross_metal,MTC,,platinum_spot_MTC,palladium_spot_MTC,5,5,13.438333423226776,5.466319904564274e-13,2.8112502366330552e-12,True,3095,-24208.82548819438,-24142.412513158073
same_scale_MTC,same_scale_cross_metal,MTC,,palladium_spot_MTC,gold_futures_MTC,5,5,14.817582073812975,2.1586062937581045e-14,1.268731862453743e-13,True,3095,-12583.921808082996,-12517.50883304669
same_scale_MTC,same_scale_cross_metal,MTC,,palladium_spot_MTC,platinum_futures_MTC,5,5,7.707606868393867,3.2572126750305713e-07,9.771638025091713e-07,True,3095,-27002.175186571512,-26935.762211535206
same_scale_MTC,same_scale_cross_metal,MTC,,palladium_spot_MTC,palladium_futures_MTC,5,5,23.999944458700973,9.260266196669451e-24,9.196402291864834e-23,True,3095,-25143.40208382599,-25076.989108789683
same_scale_MTC,same_scale_cross_metal,MTC,,palladium_spot_MTC,gold_spot_MTC,5,5,6.549325086452654,4.539278929118654e-06,1.2450593634154021e-05,True,3095,-28654.262717313853,-28587.849742277547
same_scale_MTC,same_scale_cross_metal,MTC,,palladium_spot_MTC,silver_spot_MTC,5,5,11.773315876980087,2.6761350537879364e-11,1.1334219051337143e-10,True,3095,-24342.042320562512,-24275.629345526206
same_scale_MTC,same_scale_cross_metal,MTC,,palladium_spot_MTC,platinum_spot_MTC,5,5,3.5001524368533383,0.0037055258579844776,0.00666994654437206,True,3095,-27496.236803465254,-27429.823828428947
same_scale_LTC,same_scale_cross_metal,LTC,,gold_futures_LTC,platinum_futures_LTC,5,5,2.532161888218252,0.026985227660512458,0.042009435493122096,True,3095,-89156.98015349035,-89090.56717845405
same_scale_LTC,same_scale_cross_metal,LTC,,gold_futures_LTC,gold_spot_LTC,5,5,3.8728968915063886,0.0016801698480409001,0.003225926108238528,True,3095,-114446.22558861026,-114379.81261357396
same_scale_LTC,same_scale_cross_metal,LTC,,gold_futures_LTC,silver_spot_LTC,5,5,3.2764075027240325,0.005921072877459812,0.010397981638466012,True,3095,-87200.92756128353,-87134.51458624723
same_scale_LTC,same_scale_cross_metal,LTC,,gold_futures_LTC,palladium_spot_LTC,5,5,3.972772965207696,0.0013567057313642484,0.0026580357185911805,True,3095,-93189.05269258424,-93122.63971754794
same_scale_LTC,same_scale_cross_metal,LTC,,silver_futures_LTC,palladium_futures_LTC,4,4,21.09763599311312,1.585390943021228e-13,8.455418362779883e-13,True,3096,-114537.73119416734,-114483.39039805495
same_scale_LTC,same_scale_cross_metal,LTC,,silver_futures_LTC,gold_spot_LTC,5,5,7.839602256426588,2.7735802704227967e-06,7.680683825786206e-06,True,3095,-113273.33398325286,-113206.92100821655
same_scale_LTC,same_scale_cross_metal,LTC,,platinum_futures_LTC,silver_spot_LTC,5,5,21.648226047772916,2.3186804369948554e-21,2.0868123932953698e-20,True,3095,-87291.23885901019,-87224.82588397388
same_scale_LTC,same_scale_cross_metal,LTC,,platinum_futures_LTC,platinum_spot_LTC,5,5,3.534161080871854,0.0034492700927725695,0.006287277131129747,True,3095,-96280.22293678355,-96213.80996174725
same_scale_LTC,same_scale_cross_metal,LTC,,platinum_futures_LTC,palladium_spot_LTC,5,5,4.4853267628699545,0.00044790790751042704,0.0009555368693555776,True,3095,-93191.43692141732,-93125.02394638101
same_scale_LTC,same_scale_cross_metal,LTC,,palladium_futures_LTC,gold_futures_LTC,5,5,2.8581705112883355,0.022273078962928426,0.03544003724488059,True,3095,-89043.24119298167,-88976.82821794537
same_scale_LTC,same_scale_cross_metal,LTC,,palladium_futures_LTC,silver_futures_LTC,4,4,5.0000840704888105,0.0005126736808401314,0.0010777373728610062,True,3096,-129272.03271744642,-129217.69192133403
same_scale_LTC,same_scale_cross_metal,LTC,,palladium_futures_LTC,gold_spot_LTC,5,5,3.590755330515094,0.006301044588633856,0.01099818691834273,True,3095,-114337.79332152454,-114271.38034648824
same_scale_LTC,same_scale_cross_metal,LTC,,palladium_futures_LTC,palladium_spot_LTC,5,5,9.61201358679682,1.0080440911102236e-07,3.1216849273090796e-07,True,3095,-93214.3881597129,-93147.97518467659
same_scale_LTC,same_scale_cross_metal,LTC,,gold_spot_LTC,gold_futures_LTC,5,5,5.152414328564191,0.00038921116382694294,0.0008428031216703727,True,3095,-89057.36745711611,-88990.9544820798
same_scale_LTC,same_scale_cross_metal,LTC,,gold_spot_LTC,silver_futures_LTC,4,4,26.767751488252543,7.346774312985382e-22,6.825390329483194e-21,True,3096,-129747.05948681277,-129692.71869070038
same_scale_LTC,same_scale_cross_metal,LTC,,gold_spot_LTC,palladium_spot_LTC,5,5,3.2924440119531937,0.010584034624271965,0.017825742525089623,True,3095,-93188.35672339737,-93121.94374836107
same_scale_LTC,same_scale_cross_metal,LTC,,silver_spot_LTC,gold_futures_LTC,5,5,3.00399732132355,0.01040166716553322,0.017621647903962163,True,3095,-89046.62454172203,-88980.21156668573
same_scale_LTC,same_scale_cross_metal,LTC,,silver_spot_LTC,silver_futures_LTC,4,4,34.14705775082348,6.307322201972526e-28,8.256858155309487e-27,True,3096,-129628.72696874384,-129574.38617263145
same_scale_LTC,same_scale_cross_metal,LTC,,silver_spot_LTC,platinum_futures_LTC,5,5,12.258344361267518,8.627698855643207e-12,3.882464485039443e-11,True,3095,-89205.21490934215,-89138.80193430584
same_scale_LTC,same_scale_cross_metal,LTC,,silver_spot_LTC,palladium_spot_LTC,5,5,3.1004881362896413,0.00852802675798091,0.01470701620538025,True,3095,-93184.6725277548,-93118.25955271849
same_scale_LTC,same_scale_cross_metal,LTC,,platinum_spot_LTC,silver_futures_LTC,4,4,17.30229411457549,4.7814452494518796e-14,2.7541124636842826e-13,True,3096,-128743.26306880859,-128688.9222726962
same_scale_LTC,same_scale_cross_metal,LTC,,platinum_spot_LTC,platinum_futures_LTC,5,5,24.751016575051473,1.5890709113184408e-24,1.6950089720730038e-23,True,3095,-89266.08719482466,-89199.67421978836
same_scale_LTC,same_scale_cross_metal,LTC,,platinum_spot_LTC,silver_spot_LTC,5,5,17.639086517691613,2.8652474623084416e-17,1.9405857110234072e-16,True,3095,-87272.04845222122,-87205.63547718491
same_scale_LTC,same_scale_cross_metal,LTC,,platinum_spot_LTC,palladium_spot_LTC,5,5,5.441958862356842,5.445209215899005e-05,0.00013068502118157612,True,3095,-93196.10556439514,-93129.69258935883
same_scale_LTC,same_scale_cross_metal,LTC,,palladium_spot_LTC,silver_futures_LTC,4,4,6.01223673154891,8.12313176141596e-05,0.00019020015831608102,True,3096,-127635.02653130927,-127580.68573519688
same_scale_LTC,same_scale_cross_metal,LTC,,palladium_spot_LTC,platinum_futures_LTC,5,5,3.7164445615766453,0.002345030944003068,0.004472641800482673,True,3095,-89162.94335190159,-89096.53037686528
same_scale_LTC,same_scale_cross_metal,LTC,,palladium_spot_LTC,palladium_futures_LTC,5,5,6.368872636463493,6.822711672390597e-06,1.8363934221013944e-05,True,3095,-118044.79468290712,-117978.38170787081
same_scale_LTC,same_scale_cross_metal,LTC,,palladium_spot_LTC,silver_spot_LTC,5,5,5.568029291555286,4.112374522224004e-05,0.00010036981884750112,True,3095,-87212.42275576711,-87146.0097807308
same_scale_LTC,same_scale_cross_metal,LTC,,palladium_spot_LTC,platinum_spot_LTC,5,5,3.479280140530318,0.0038719325915726197,0.006883435718351324,True,3095,-96279.96288454502,-96213.54990950871
within_gold,within_metal_cross_scale,,gold,gold_futures_STC,gold_spot_STC,5,5,77.52976374550536,8.757919799925286e-77,2.8025343359760914e-75,True,3095,8327.654801237262,8394.067776273569
within_gold,within_metal_cross_scale,,gold,gold_futures_STC,gold_futures_MTC,5,5,23.578798477028464,2.488763388884694e-23,2.389212853329306e-22,True,3095,-12626.557768374594,-12560.144793338288
within_gold,within_metal_cross_scale,,gold,gold_futures_STC,gold_spot_MTC,5,5,6.001811346486636,1.5583289950780125e-05,4.0071317016291754e-05,True,3095,-28651.543055012466,-28585.13007997616
within_gold,within_metal_cross_scale,,gold,gold_spot_STC,gold_futures_STC,5,5,20.91092149633386,1.3111775263904003e-20,1.0205922367579333e-19,True,3095,8161.601722592044,8228.01469762835
within_gold,within_metal_cross_scale,,gold,gold_spot_STC,gold_futures_MTC,5,5,29.54208550651854,2.1247441652596224e-29,3.399590664415396e-28,True,3095,-12655.24542818602,-12588.832453149713
within_gold,within_metal_cross_scale,,gold,gold_spot_STC,gold_spot_MTC,5,5,11.005896707611985,1.5996159544093615e-10,6.061702564077581e-10,True,3095,-28676.311376443373,-28609.898401407067
within_gold,within_metal_cross_scale,,gold,gold_futures_MTC,gold_futures_STC,5,5,17.634337084345287,2.897402276875226e-17,1.9405857110234072e-16,True,3095,8177.544950948512,8243.957925984818
within_gold,within_metal_cross_scale,,gold,gold_futures_MTC,gold_spot_STC,5,5,95.79331412775207,4.7327844748965783e-94,4.543473095900716e-92,True,3095,8247.296656971235,8313.709632007542
within_gold,within_metal_cross_scale,,gold,gold_futures_MTC,gold_spot_MTC,5,5,10.31006939260762,8.061394004326603e-10,2.8313188698122704e-09,True,3095,-28672.879137443233,-28606.466162406927
within_gold,within_metal_cross_scale,,gold,gold_futures_MTC,gold_futures_LTC,5,5,14.22454925804963,8.668954424010981e-14,4.710677120972005e-13,True,3095,-89102.15356961034,-89035.74059457403
within_gold,within_metal_cross_scale,,gold,gold_spot_MTC,gold_futures_STC,5,5,5.138212058390172,0.00010681081727762997,0.00024807673690288253,True,3095,8239.113921721804,8305.52689675811
within_gold,within_metal_cross_scale,,gold,gold_spot_MTC,gold_spot_STC,5,5,5.928001053531716,1.8389373870152203e-05,4.64573655667003e-05,True,3095,8664.505884225302,8730.918859261608
within_gold,within_metal_cross_scale,,gold,gold_spot_MTC,gold_futures_MTC,5,5,133.98376069247632,7.887640342839782e-129,1.1358202093689285e-126,True,3095,-13118.841663258667,-13052.42868822236
within_gold,within_metal_cross_scale,,gold,gold_spot_MTC,gold_futures_LTC,5,5,4.154725087747968,0.0009172612046925237,0.0018473512374227053,True,3095,-89052.36554961048,-88985.95257457417
within_gold,within_metal_cross_scale,,gold,gold_futures_LTC,gold_spot_MTC,5,5,5.296181401237845,7.527533233335738e-05,0.00017916773315708204,True,3095,-28648.064629590757,-28581.65165455445
within_gold,within_metal_cross_scale,,gold,gold_futures_LTC,gold_spot_LTC,5,5,3.8728968915063886,0.0016801698480409001,0.003225926108238528,True,3095,-114446.22558861026,-114379.81261357396
within_gold,within_metal_cross_scale,,gold,gold_spot_LTC,gold_futures_LTC,5,5,5.152414328564191,0.00038921116382694294,0.0008428031216703727,True,3095,-89057.36745711611,-88990.9544820798
within_silver,within_metal_cross_scale,,silver,silver_futures_STC,silver_spot_STC,5,5,11.228196216756833,9.533818008883243e-11,3.7104589007545595e-10,True,3095,12838.862095944562,12905.275070980868
within_silver,within_metal_cross_scale,,silver,silver_futures_STC,silver_spot_MTC,5,5,11.286278836064811,8.327575341454332e-11,3.3310301365817326e-10,True,3095,-24339.643294248075,-24273.23031921177
within_silver,within_metal_cross_scale,,silver,silver_spot_STC,silver_futures_STC,5,5,94.81980044688558,3.8450029751089635e-93,2.214721713662763e-91,True,3095,13234.32548169664,13300.738456732946
within_silver,within_metal_cross_scale,,silver,silver_spot_STC,silver_futures_MTC,5,5,2.5512066946755523,0.025983315470262548,0.04089177516631483,True,3095,-63577.95283147601,-63511.539856439704
within_silver,within_metal_cross_scale,,silver,silver_spot_STC,silver_spot_MTC,5,5,17.068062270148513,1.0960110548033142e-16,7.014470750741211e-16,True,3095,-24368.003662539137,-24301.59068750283
within_silver,within_metal_cross_scale,,silver,silver_futures_MTC,silver_futures_STC,1,5,4.709324994832211,0.030075227050697276,0.046568093497853846,True,3099,13678.036863171597,13696.15336744496
within_silver,within_metal_cross_scale,,silver,silver_futures_MTC,silver_spot_STC,5,5,7.2225876022945155,9.851945406644436e-07,2.8952655888914257e-06,True,3095,12858.665554310206,12925.078529346512
within_silver,within_metal_cross_scale,,silver,silver_futures_MTC,silver_spot_MTC,5,5,13.223118299082852,9.045534416760394e-13,4.4154473085203284e-12,True,3095,-24349.17269482073,-24282.759719784422
within_silver,within_metal_cross_scale,,silver,silver_futures_MTC,silver_futures_LTC,4,4,12.656450743255846,3.2306558909034695e-10,1.177758096936961e-09,True,3096,-128727.73718805899,-128673.3963919466
within_silver,within_metal_cross_scale,,silver,silver_futures_MTC,silver_spot_LTC,5,5,4.607795201474801,0.00034288180860961764,0.0007655035727098441,True,3095,-87207.57097982656,-87141.15800479025
within_silver,within_metal_cross_scale,,silver,silver_spot_MTC,silver_futures_STC,5,5,88.17644738199515,6.684988705494364e-87,3.208794578637295e-85,True,3095,13263.35468246569,13329.767657501996
within_silver,within_metal_cross_scale,,silver,silver_spot_MTC,silver_spot_STC,5,5,21.511270567203336,3.1988442731792824e-21,2.7917186384110104e-20,True,3095,12788.596246198904,12855.00922123521
within_silver,within_metal_cross_scale,,silver,silver_futures_LTC,silver_futures_MTC,5,5,5.838632585251389,0.0005658531978881069,0.0011809110216795273,True,3095,-63582.95898234873,-63516.54600731243
within_silver,within_metal_cross_scale,,silver,silver_spot_LTC,silver_spot_STC,5,5,3.9458841919898986,0.001437207770495852,0.0027967286344784147,True,3095,12874.97164699332,12941.384622029625
within_silver,within_metal_cross_scale,,silver,silver_spot_LTC,silver_futures_MTC,5,5,17.22517836727202,7.577266289160173e-17,4.959665207450295e-16,True,3095,-63650.41702020989,-63584.004045173584
within_silver,within_metal_cross_scale,,silver,silver_spot_LTC,silver_futures_LTC,4,4,34.14705775082348,6.307322201972526e-28,8.256858155309487e-27,True,3096,-129628.72696874384,-129574.38617263145
within_platinum,within_metal_cross_scale,,platinum,platinum_futures_STC,platinum_spot_STC,5,5,12.425826144866294,5.8345376943862214e-12,2.6672172317194155e-11,True,3095,11627.478348273607,11693.891323309914
within_platinum,within_metal_cross_scale,,platinum,platinum_futures_STC,platinum_futures_MTC,5,5,4.963007254701994,0.00015725033615177298,0.00035942933977548106,True,3095,-26988.5432362695,-26922.130261233193
within_platinum,within_metal_cross_scale,,platinum,platinum_futures_STC,platinum_spot_MTC,5,5,5.603153445738836,3.80257016811767e-05,9.360172721520419e-05,True,3095,-27506.712021975312,-27440.299046939006
within_platinum,within_metal_cross_scale,,platinum,platinum_futures_STC,platinum_spot_LTC,5,5,3.152028847444588,0.007666222620703711,0.013300434426281137,True,3095,-96278.34601411817,-96211.93303908186
within_platinum,within_metal_cross_scale,,platinum,platinum_spot_STC,platinum_futures_STC,5,5,26.15104912702966,5.959076281556995e-26,6.864855876353658e-25,True,3095,11936.146598982057,12002.559574018363
within_platinum,within_metal_cross_scale,,platinum,platinum_spot_STC,platinum_futures_MTC,5,5,4.31923453367135,0.0006426256633294398,0.0013125970995665154,True,3095,-26985.337016593672,-26918.924041557366
within_platinum,within_metal_cross_scale,,platinum,platinum_spot_STC,platinum_spot_MTC,5,5,4.616817462913042,0.0003361870482324517,0.0007564208585230164,True,3095,-27501.803416907227,-27435.39044187092
within_platinum,within_metal_cross_scale,,platinum,platinum_spot_STC,platinum_spot_LTC,5,5,4.001872987219359,0.0012745798558311094,0.002514239715612051,True,3095,-96282.58437109708,-96216.17139606077
within_platinum,within_metal_cross_scale,,platinum,platinum_futures_MTC,platinum_futures_STC,5,5,11.06419273448273,1.3966666404478894e-10,5.363199899319895e-10,True,3095,12009.63645470694,12076.049429743247
within_platinum,within_metal_cross_scale,,platinum,platinum_futures_MTC,platinum_spot_STC,5,5,11.60301640431575,3.9808261129391366e-11,1.637825600752102e-10,True,3095,11631.528186228818,11697.941161265124
within_platinum,within_metal_cross_scale,,platinum,platinum_futures_MTC,platinum_spot_MTC,5,5,6.032578360281946,1.4543281497563469e-05,3.773391956124575e-05,True,3095,-27508.846670266357,-27442.43369523005
within_platinum,within_metal_cross_scale,,platinum,platinum_futures_MTC,platinum_spot_LTC,5,5,3.3936636894584695,0.004634419029477584,0.008188421352696592,True,3095,-96279.55207809867,-96213.13910306236
within_platinum,within_metal_cross_scale,,platinum,platinum_spot_MTC,platinum_futures_STC,5,5,11.935957199507266,1.831156326454093e-11,7.871239134608638e-11,True,3095,12005.342150825512,12071.755125861819
within_platinum,within_metal_cross_scale,,platinum,platinum_spot_MTC,platinum_spot_STC,5,5,12.723507408019861,2.9099977607212675e-12,1.3739005821110247e-11,True,3095,11626.014476952121,11692.427451988427
within_platinum,within_metal_cross_scale,,platinum,platinum_spot_MTC,platinum_futures_MTC,5,5,21.18923280637273,6.817543036584599e-21,5.609863984389612e-20,True,3095,-27068.2778762328,-27001.864901196495
within_platinum,within_metal_cross_scale,,platinum,platinum_futures_LTC,platinum_spot_STC,5,5,2.5444186388049275,0.026336263436736326,0.04122197755315251,True,3095,11676.478416326932,11742.891391363239
within_platinum,within_metal_cross_scale,,platinum,platinum_futures_LTC,platinum_spot_LTC,5,5,3.534161080871854,0.0034492700927725695,0.006287277131129747,True,3095,-96280.22293678355,-96213.80996174725
within_platinum,within_metal_cross_scale,,platinum,platinum_spot_LTC,platinum_futures_LTC,5,5,24.751016575051473,1.5890709113184408e-24,1.6950089720730038e-23,True,3095,-89266.08719482466,-89199.67421978836
within_palladium,within_metal_cross_scale,,palladium,palladium_futures_STC,palladium_spot_STC,5,5,3.5479021876812515,0.003350727365812569,0.006225867621638838,True,3095,13444.197667834607,13510.610642870914
within_palladium,within_metal_cross_scale,,palladium,palladium_futures_STC,palladium_spot_MTC,5,5,4.601420669820164,0.0003476911563332498,0.0007702696386459689,True,3095,-24165.121699876923,-24098.708724840617
within_palladium,within_metal_cross_scale,,palladium,palladium_spot_STC,palladium_futures_STC,5,5,17.80033336597295,1.961598032514439e-17,1.3779030082052646e-16,True,3095,13806.185958255188,13872.598933291494
within_palladium,within_metal_cross_scale,,palladium,palladium_spot_STC,palladium_futures_MTC,5,5,2.442484057584052,0.03222117124953853,0.049624049838861484,True,3095,-25037.49001406072,-24971.077039024414
within_palladium,within_metal_cross_scale,,palladium,palladium_spot_STC,palladium_spot_MTC,5,5,5.264964916524321,8.067130111528128e-05,0.00019020015831608102,True,3095,-24168.42483643513,-24102.011861398823
within_palladium,within_metal_cross_scale,,palladium,palladium_futures_MTC,palladium_futures_STC,5,5,9.600440869616659,4.1759094144528484e-09,1.4317403706695481e-08,True,3095,13846.438153994171,13912.851129030478
within_palladium,within_metal_cross_scale,,palladium,palladium_futures_MTC,palladium_spot_STC,5,5,9.40772616604355,6.5214964961611e-09,2.209636459875761e-08,True,3095,13415.099425622433,13481.51240065874
within_palladium,within_metal_cross_scale,,palladium,palladium_futures_MTC,palladium_spot_MTC,5,5,19.75269755968849,1.9945500116629073e-19,1.4728984701510701e-18,True,3095,-24239.680014913974,-24173.267039877668
within_palladium,within_metal_cross_scale,,palladium,palladium_spot_MTC,palladium_futures_STC,5,5,14.417865205215332,5.5105073202416636e-14,3.11181589848941e-13,True,3095,13822.726665109916,13889.139640146223
within_palladium,within_metal_cross_scale,,palladium,palladium_spot_MTC,palladium_spot_STC,5,5,8.870305751649358,2.2552945503756635e-08,7.216942561202123e-08,True,3095,13417.75673926341,13484.169714299716
within_palladium,within_metal_cross_scale,,palladium,palladium_spot_MTC,palladium_futures_MTC,5,5,23.999944458700973,9.260266196669451e-24,9.196402291864834e-23,True,3095,-25143.40208382599,-25076.989108789683
within_palladium,within_metal_cross_scale,,palladium,palladium_spot_MTC,palladium_spot_LTC,5,5,3.0179832393513437,0.01010720110153765,0.01722410601918842,True,3095,-93184.26487066627,-93117.85189562997
within_palladium,within_metal_cross_scale,,palladium,palladium_futures_LTC,palladium_spot_LTC,5,5,9.61201358679682,1.0080440911102236e-07,3.1216849273090796e-07,True,3095,-93214.3881597129,-93147.97518467659
within_palladium,within_metal_cross_scale,,palladium,palladium_spot_LTC,palladium_futures_MTC,5,5,2.7703634862788022,0.016742954065166772,0.02724277271620356,True,3095,-25039.100296953227,-24972.68732191692
within_palladium,within_metal_cross_scale,,palladium,palladium_spot_LTC,palladium_futures_LTC,5,5,6.368872636463493,6.822711672390597e-06,1.8363934221013944e-05,True,3095,-118044.79468290712,-117978.38170787081
