observation_date,STLFSI4
1993-12-31,-0.2936
1994-01-07,-0.3686
1994-01-14,-0.1156
1994-01-21,-0.3458
1994-01-28,-0.2161
1994-02-04,-0.5165
1994-02-11,-0.3056
1994-02-18,-0.2984
1994-02-25,-0.2621
1994-03-04,-0.1977
1994-03-11,-0.2229
1994-03-18,-0.1442
1994-03-25,-0.2262
1994-04-01,-0.0973
1994-04-08,-0.0774
1994-04-15,-0.0252
1994-04-22,-0.1656
1994-04-29,-0.0905
1994-05-06,-0.3720
1994-05-13,-0.1414
1994-05-20,-0.0623
1994-05-27,-0.1889
1994-06-03,-0.0489
1994-06-10,0.0328
1994-06-17,-0.1869
1994-06-24,-0.0881
1994-07-01,-0.1475
1994-07-08,0.0015
1994-07-15,-0.0975
1994-07-22,-0.0763
1994-07-29,-0.2119
1994-08-05,-0.1323
1994-08-12,-0.3028
1994-08-19,-0.3442
1994-08-26,-0.3147
1994-09-02,-0.2017
1994-09-09,-0.2875
1994-09-16,-0.2850
1994-09-23,-0.3278
1994-09-30,-0.2088
1994-10-07,-0.2244
1994-10-14,-0.0053
1994-10-21,-0.1619
1994-10-28,-0.2033
1994-11-04,-0.1671
1994-11-11,-0.2417
1994-11-18,-0.4041
1994-11-25,-0.1935
1994-12-02,-0.1956
1994-12-09,-0.1908
1994-12-16,-0.2150
1994-12-23,-0.1592
1994-12-30,-0.0267
1995-01-06,-0.2694
1995-01-13,-0.0289
1995-01-20,-0.3577
1995-01-27,-0.3422
1995-02-03,-0.3640
1995-02-10,-0.4436
1995-02-17,-0.2116
1995-02-24,-0.2479
1995-03-03,-0.1949
1995-03-10,-0.1109
1995-03-17,-0.2319
1995-03-24,-0.3530
1995-03-31,-0.4550
1995-04-07,-0.3200
1995-04-14,-0.2798
1995-04-21,-0.2383
1995-04-28,-0.4285
1995-05-05,-0.2903
1995-05-12,-0.1763
1995-05-19,-0.3639
1995-05-26,-0.3258
1995-06-02,-0.0877
1995-06-09,-0.2034
1995-06-16,-0.1590
1995-06-23,-0.1595
1995-06-30,-0.2662
1995-07-07,-0.2569
1995-07-14,-0.1310
1995-07-21,-0.4241
1995-07-28,-0.2791
1995-08-04,-0.2390
1995-08-11,-0.2601
1995-08-18,-0.3681
1995-08-25,-0.2195
1995-09-01,-0.1542
1995-09-08,-0.2434
1995-09-15,-0.3377
1995-09-22,-0.2839
1995-09-29,-0.4014
1995-10-06,-0.0692
1995-10-13,-0.2227
1995-10-20,-0.1962
1995-10-27,-0.1362
1995-11-03,-0.2002
1995-11-10,-0.3219
1995-11-17,-0.3270
1995-11-24,-0.4608
1995-12-01,-0.3124
1995-12-08,-0.3893
1995-12-15,-0.4081
1995-12-22,-0.2955
1995-12-29,-0.0649
1996-01-05,-0.4520
1996-01-12,-0.1944
1996-01-19,-0.2181
1996-01-26,-0.3897
1996-02-02,-0.3654
1996-02-09,-0.2674
1996-02-16,-0.2576
1996-02-23,-0.4326
1996-03-01,-0.4015
1996-03-08,-0.0394
1996-03-15,-0.2321
1996-03-22,-0.1489
1996-03-29,-0.1060
1996-04-05,-0.1351
1996-04-12,-0.0805
1996-04-19,0.0073
1996-04-26,-0.2011
1996-05-03,-0.1910
1996-05-10,-0.1138
1996-05-17,-0.1860
1996-05-24,-0.2429
1996-05-31,-0.2860
1996-06-07,-0.2267
1996-06-14,-0.1851
1996-06-21,-0.2023
1996-06-28,-0.0459
1996-07-05,-0.4078
1996-07-12,0.0267
1996-07-19,0.0031
1996-07-26,-0.0851
1996-08-02,-0.1964
1996-08-09,0.1045
1996-08-16,-0.2596
1996-08-23,-0.2869
1996-08-30,-0.3319
1996-09-06,-0.1755
1996-09-13,-0.1509
1996-09-20,-0.1821
1996-09-27,-0.0787
1996-10-04,-0.0917
1996-10-11,-0.0745
1996-10-18,-0.1424
1996-10-25,-0.1912
1996-11-01,-0.0770
1996-11-08,-0.2457
1996-11-15,-0.2324
1996-11-22,-0.3124
1996-11-29,-0.2871
1996-12-06,-0.1376
1996-12-13,-0.0410
1996-12-20,-0.1672
1996-12-27,-0.0983
1997-01-03,-0.3478
1997-01-10,-0.0937
1997-01-17,-0.3068
1997-01-24,-0.3445
1997-01-31,-0.2430
1997-02-07,-0.2294
1997-02-14,-0.3085
1997-02-21,-0.3690
1997-02-28,-0.3823
1997-03-07,-0.2135
1997-03-14,-0.2994
1997-03-21,-0.2827
1997-03-28,-0.3824
1997-04-04,-0.0970
1997-04-11,-0.1031
1997-04-18,-0.2486
1997-04-25,-0.2381
1997-05-02,-0.2872
1997-05-09,-0.2181
1997-05-16,-0.2006
1997-05-23,-0.2712
1997-05-30,-0.2304
1997-06-06,-0.1227
1997-06-13,-0.2905
1997-06-20,-0.2257
1997-06-27,-0.0974
1997-07-04,-0.3862
1997-07-11,-0.1374
1997-07-18,-0.2955
1997-07-25,-0.3151
1997-08-01,-0.4257
1997-08-08,-0.3247
1997-08-15,-0.2486
1997-08-22,-0.2300
1997-08-29,-0.2400
1997-09-05,-0.1893
1997-09-12,-0.1581
1997-09-19,-0.1761
1997-09-26,-0.1371
1997-10-03,-0.1770
1997-10-10,-0.2142
1997-10-17,-0.2190
1997-10-24,-0.1539
1997-10-31,0.6465
1997-11-07,-0.0616
1997-11-14,0.3406
1997-11-21,-0.1659
1997-11-28,-0.1218
1997-12-05,-0.3183
1997-12-12,-0.0386
1997-12-19,-0.0930
1997-12-26,0.1139
1998-01-02,-0.4742
1998-01-09,0.2519
1998-01-16,-0.0625
1998-01-23,-0.2326
1998-01-30,-0.2274
1998-02-06,-0.2915
1998-02-13,-0.3373
1998-02-20,-0.3326
1998-02-27,-0.4652
1998-03-06,-0.3138
1998-03-13,-0.2533
1998-03-20,-0.4136
1998-03-27,-0.3336
1998-04-03,-0.1902
1998-04-10,-0.2090
1998-04-17,-0.2976
1998-04-24,-0.2077
1998-05-01,-0.0995
1998-05-08,-0.1254
1998-05-15,-0.3593
1998-05-22,-0.2573
1998-05-29,-0.1648
1998-06-05,-0.2078
1998-06-12,-0.1997
1998-06-19,-0.1153
1998-06-26,-0.1858
1998-07-03,-0.4230
1998-07-10,-0.1558
1998-07-17,-0.4483
1998-07-24,-0.1749
1998-07-31,-0.1086
1998-08-07,0.1432
1998-08-14,0.2955
1998-08-21,0.2238
1998-08-28,0.8786
1998-09-04,1.1869
1998-09-11,0.8476
1998-09-18,0.5764
1998-09-25,0.6436
1998-10-02,1.0086
1998-10-09,1.8985
1998-10-16,1.1320
1998-10-23,0.8955
1998-10-30,0.7629
1998-11-06,0.4586
1998-11-13,0.6283
1998-11-20,0.3389
1998-11-27,-0.0322
1998-12-04,0.5364
1998-12-11,0.4656
1998-12-18,0.5261
1998-12-25,0.1869
1999-01-01,0.3740
1999-01-08,0.1190
1999-01-15,0.5374
1999-01-22,0.4938
1999-01-29,0.2630
1999-02-05,0.1759
1999-02-12,0.2478
1999-02-19,0.0929
1999-02-26,0.0618
1999-03-05,0.0939
1999-03-12,0.0856
1999-03-19,0.0729
1999-03-26,0.1496
1999-04-02,0.0701
1999-04-09,0.1214
1999-04-16,-0.0008
1999-04-23,0.0682
1999-04-30,-0.0810
1999-05-07,0.0142
1999-05-14,0.0594
1999-05-21,0.2072
1999-05-28,0.3030
1999-06-04,0.1213
1999-06-11,0.1222
1999-06-18,0.1492
1999-06-25,0.0531
1999-07-02,0.0726
1999-07-09,0.1077
1999-07-16,0.2060
1999-07-23,0.2283
1999-07-30,0.2539
1999-08-06,0.4082
1999-08-13,0.2873
1999-08-20,0.2022
1999-08-27,0.1081
1999-09-03,0.2334
1999-09-10,0.3111
1999-09-17,0.3314
1999-09-24,0.3832
1999-10-01,0.3040
1999-10-08,0.4348
1999-10-15,0.5457
1999-10-22,0.4199
1999-10-29,0.1792
1999-11-05,0.3168
1999-11-12,0.1825
1999-11-19,-0.0345
1999-11-26,0.0483
1999-12-03,0.1625
1999-12-10,0.2073
1999-12-17,0.0951
1999-12-24,0.0535
1999-12-31,0.2687
2000-01-07,-0.0073
2000-01-14,-0.0416
2000-01-21,0.0094
2000-01-28,0.0638
2000-02-04,-0.0635
2000-02-11,0.0957
2000-02-18,0.1562
2000-02-25,0.2564
2000-03-03,-0.0134
2000-03-10,0.0526
2000-03-17,0.0037
2000-03-24,-0.1429
2000-03-31,0.2235
2000-04-07,0.4403
2000-04-14,0.4659
2000-04-21,0.4308
2000-04-28,0.3017
2000-05-05,0.4734
2000-05-12,0.4953
2000-05-19,0.2455
2000-05-26,0.5779
2000-06-02,0.4540
2000-06-09,0.4066
2000-06-16,0.3866
2000-06-23,0.4313
2000-06-30,0.3635
2000-07-07,0.2810
2000-07-14,0.1466
2000-07-21,0.0683
2000-07-28,0.1216
2000-08-04,0.1301
2000-08-11,-0.0204
2000-08-18,-0.0012
2000-08-25,0.0176
2000-09-01,-0.0665
2000-09-08,0.0642
2000-09-15,0.0908
2000-09-22,0.2600
2000-09-29,0.1263
2000-10-06,0.1849
2000-10-13,0.6719
2000-10-20,0.4807
2000-10-27,0.3141
2000-11-03,0.1240
2000-11-10,0.3106
2000-11-17,0.3987
2000-11-24,0.5445
2000-12-01,0.5862
2000-12-08,0.6254
2000-12-15,0.4535
2000-12-22,0.9031
2000-12-29,0.7011
2001-01-05,0.9159
2001-01-12,0.4979
2001-01-19,0.2933
2001-01-26,0.2660
2001-02-02,0.4016
2001-02-09,0.3770
2001-02-16,0.2910
2001-02-23,0.6599
2001-03-02,0.5439
2001-03-09,0.4118
2001-03-16,0.7903
2001-03-23,1.0619
2001-03-30,0.5420
2001-04-06,1.0397
2001-04-13,0.7395
2001-04-20,0.6388
2001-04-27,0.7687
2001-05-04,0.3100
2001-05-11,0.4172
2001-05-18,0.4387
2001-05-25,0.3669
2001-06-01,0.4146
2001-06-08,0.3783
2001-06-15,0.4625
2001-06-22,0.5050
2001-06-29,0.3156
2001-07-06,0.2873
2001-07-13,0.5569
2001-07-20,0.4447
2001-07-27,0.3259
2001-08-03,0.2524
2001-08-10,0.2655
2001-08-17,0.3764
2001-08-24,0.4779
2001-08-31,0.3980
2001-09-07,0.5126
2001-09-14,1.4798
2001-09-21,2.0132
2001-09-28,0.7465
2001-10-05,1.1310
2001-10-12,0.8736
2001-10-19,0.7692
2001-10-26,0.7489
2001-11-02,1.0477
2001-11-09,0.8438
2001-11-16,0.4046
2001-11-23,0.5288
2001-11-30,0.6932
2001-12-07,0.7891
2001-12-14,0.7896
2001-12-21,0.7629
2001-12-28,0.6001
2002-01-04,0.5564
2002-01-11,0.5376
2002-01-18,0.5937
2002-01-25,0.3687
2002-02-01,0.5142
2002-02-08,0.6718
2002-02-15,0.3756
2002-02-22,0.5525
2002-03-01,0.3901
2002-03-08,0.2053
2002-03-15,0.1745
2002-03-22,0.2928
2002-03-29,0.3479
2002-04-05,0.4428
2002-04-12,0.4037
2002-04-19,0.2989
2002-04-26,0.3810
2002-05-03,0.2683
2002-05-10,0.3633
2002-05-17,0.1672
2002-05-24,0.3666
2002-05-31,0.3460
2002-06-07,0.5301
2002-06-14,0.6260
2002-06-21,0.6523
2002-06-28,0.9942
2002-07-05,0.7829
2002-07-12,0.9148
2002-07-19,1.0425
2002-07-26,1.5138
2002-08-02,0.9325
2002-08-09,1.3046
2002-08-16,1.0577
2002-08-23,0.8556
2002-08-30,0.8443
2002-09-06,1.3282
2002-09-13,1.0079
2002-09-20,1.3018
2002-09-27,1.4413
2002-10-04,1.2535
2002-10-11,1.5548
2002-10-18,0.7802
2002-10-25,0.9991
2002-11-01,1.2066
2002-11-08,1.0659
2002-11-15,1.0019
2002-11-22,0.5264
2002-11-29,0.6857
2002-12-06,0.8633
2002-12-13,0.8757
2002-12-20,0.6692
2002-12-27,0.9025
2003-01-03,0.9246
2003-01-10,0.4740
2003-01-17,0.6560
2003-01-24,0.9382
2003-01-31,0.9226
2003-02-07,0.9485
2003-02-14,0.9033
2003-02-21,0.6763
2003-02-28,0.6657
2003-03-07,0.7278
2003-03-14,0.7931
2003-03-21,0.4702
2003-03-28,0.6515
2003-04-04,0.5502
2003-04-11,0.4405
2003-04-18,0.2601
2003-04-25,0.2465
2003-05-02,0.2023
2003-05-09,0.2405
2003-05-16,0.3427
2003-05-23,0.5797
2003-05-30,0.4022
2003-06-06,0.3271
2003-06-13,0.3736
2003-06-20,0.2336
2003-06-27,0.4477
2003-07-04,0.3760
2003-07-11,0.2496
2003-07-18,0.1120
2003-07-25,0.1372
2003-08-01,0.2952
2003-08-08,0.5499
2003-08-15,0.1592
2003-08-22,0.1644
2003-08-29,0.0693
2003-09-05,0.1017
2003-09-12,0.1904
2003-09-19,-0.0917
2003-09-26,0.0210
2003-10-03,0.1150
2003-10-10,-0.1687
2003-10-17,-0.3438
2003-10-24,-0.1014
2003-10-31,-0.2397
2003-11-07,-0.3054
2003-11-14,-0.2068
2003-11-21,-0.0807
2003-11-28,-0.3559
2003-12-05,-0.2707
2003-12-12,-0.2465
2003-12-19,-0.2520
2003-12-26,-0.2339
2004-01-02,-0.2765
2004-01-09,-0.3695
2004-01-16,-0.3600
2004-01-23,-0.4576
2004-01-30,-0.3829
2004-02-06,-0.3729
2004-02-13,-0.4521
2004-02-20,-0.4829
2004-02-27,-0.5081
2004-03-05,-0.6654
2004-03-12,-0.3170
2004-03-19,-0.3507
2004-03-26,-0.3098
2004-04-02,-0.6550
2004-04-09,-0.5781
2004-04-16,-0.4636
2004-04-23,-0.4421
2004-04-30,-0.3986
2004-05-07,-0.3986
2004-05-14,-0.2972
2004-05-21,-0.4598
2004-05-28,-0.5858
2004-06-04,-0.5532
2004-06-11,-0.7414
2004-06-18,-0.5176
2004-06-25,-0.5431
2004-07-02,-0.5108
2004-07-09,-0.4059
2004-07-16,-0.5583
2004-07-23,-0.5461
2004-07-30,-0.5316
2004-08-06,-0.3289
2004-08-13,-0.4915
2004-08-20,-0.5091
2004-08-27,-0.6318
2004-09-03,-0.5526
2004-09-10,-0.6594
2004-09-17,-0.6163
2004-09-24,-0.6418
2004-10-01,-0.6168
2004-10-08,-0.6017
2004-10-15,-0.4511
2004-10-22,-0.4986
2004-10-29,-0.6697
2004-11-05,-0.8052
2004-11-12,-0.8368
2004-11-19,-0.7712
2004-11-26,-0.8324
2004-12-03,-0.7116
2004-12-10,-0.7174
2004-12-17,-0.9078
2004-12-24,-0.8397
2004-12-31,-0.8359
2005-01-07,-0.7316
2005-01-14,-0.7055
2005-01-21,-0.7184
2005-01-28,-0.7880
2005-02-04,-0.8873
2005-02-11,-0.8526
2005-02-18,-0.9477
2005-02-25,-0.9584
2005-03-04,-0.9329
2005-03-11,-0.9496
2005-03-18,-0.7845
2005-03-25,-0.7303
2005-04-01,-0.7113
2005-04-08,-0.7318
2005-04-15,-0.6839
2005-04-22,-0.6140
2005-04-29,-0.7547
2005-05-06,-0.7646
2005-05-13,-0.6068
2005-05-20,-0.5163
2005-05-27,-0.8010
2005-06-03,-0.7081
2005-06-10,-0.6939
2005-06-17,-0.7843
2005-06-24,-0.6816
2005-07-01,-0.7940
2005-07-08,-0.7273
2005-07-15,-0.8957
2005-07-22,-0.8422
2005-07-29,-0.9329
2005-08-05,-0.9145
2005-08-12,-0.8843
2005-08-19,-0.8152
2005-08-26,-0.8197
2005-09-02,-0.6505
2005-09-09,-0.8334
2005-09-16,-0.8404
2005-09-23,-0.7844
2005-09-30,-0.8437
2005-10-07,-0.7063
2005-10-14,-0.5710
2005-10-21,-0.8326
2005-10-28,-0.8667
2005-11-04,-0.9028
2005-11-11,-0.8370
2005-11-18,-0.7303
2005-11-25,-0.7799
2005-12-02,-0.7161
2005-12-09,-0.7087
2005-12-16,-0.7303
2005-12-23,-0.6950
2005-12-30,-0.6553
2006-01-06,-0.8478
2006-01-13,-0.9941
2006-01-20,-0.8316
2006-01-27,-0.9957
2006-02-03,-1.0552
2006-02-10,-0.9316
2006-02-17,-1.0306
2006-02-24,-1.1167
2006-03-03,-1.0756
2006-03-10,-0.9609
2006-03-17,-1.0203
2006-03-24,-1.0569
2006-03-31,-1.0431
2006-04-07,-1.0192
2006-04-14,-0.9499
2006-04-21,-1.0397
2006-04-28,-1.0974
2006-05-05,-1.1040
2006-05-12,-1.1132
2006-05-19,-0.8842
2006-05-26,-0.7916
2006-06-02,-0.9208
2006-06-09,-0.8018
2006-06-16,-0.7292
2006-06-23,-0.7992
2006-06-30,-0.8559
2006-07-07,-0.9881
2006-07-14,-0.7893
2006-07-21,-0.7832
2006-07-28,-0.9353
2006-08-04,-0.8974
2006-08-11,-0.9238
2006-08-18,-1.0288
2006-08-25,-0.9840
2006-09-01,-0.9494
2006-09-08,-0.9101
2006-09-15,-0.9425
2006-09-22,-0.8312
2006-09-29,-0.8052
2006-10-06,-0.8452
2006-10-13,-1.0191
2006-10-20,-0.9689
2006-10-27,-1.0069
2006-11-03,-0.8951
2006-11-10,-1.0068
2006-11-17,-1.0002
2006-11-24,-0.9282
2006-12-01,-0.8017
2006-12-08,-0.9165
2006-12-15,-0.9865
2006-12-22,-0.9313
2006-12-29,-0.9643
2007-01-05,-0.8830
2007-01-12,-0.9887
2007-01-19,-1.0936
2007-01-26,-1.1293
2007-02-02,-1.0900
2007-02-09,-1.0962
2007-02-16,-1.1090
2007-02-23,-1.1336
2007-03-02,-0.6961
2007-03-09,-0.7887
2007-03-16,-0.8457
2007-03-23,-1.0145
2007-03-30,-0.9508
2007-04-06,-0.9522
2007-04-13,-1.0232
2007-04-20,-1.0378
2007-04-27,-1.0103
2007-05-04,-0.9144
2007-05-11,-0.9651
2007-05-18,-0.9283
2007-05-25,-0.9709
2007-06-01,-0.9206
2007-06-08,-0.7965
2007-06-15,-0.7160
2007-06-22,-0.6873
2007-06-29,-0.5593
2007-07-06,-0.7774
2007-07-13,-0.6901
2007-07-20,-0.6840
2007-07-27,-0.1457
2007-08-03,-0.0093
2007-08-10,0.1435
2007-08-17,1.2251
2007-08-24,1.2937
2007-08-31,1.0052
2007-09-07,1.4811
2007-09-14,1.5795
2007-09-21,0.7187
2007-09-28,0.7061
2007-10-05,0.6317
2007-10-12,0.3633
2007-10-19,0.7294
2007-10-26,0.7935
2007-11-02,0.4749
2007-11-09,1.1495
2007-11-16,1.1710
2007-11-23,1.9251
2007-11-30,2.0781
2007-12-07,1.9625
2007-12-14,1.9367
2007-12-21,1.7878
2007-12-28,1.3298
2008-01-04,1.6135
2008-01-11,1.2985
2008-01-18,0.9737
2008-01-25,1.6271
2008-02-01,0.9777
2008-02-08,1.5122
2008-02-15,1.3019
2008-02-22,1.1555
2008-02-29,1.4374
2008-03-07,2.4614
2008-03-14,2.0418
2008-03-21,2.3778
2008-03-28,1.6895
2008-04-04,1.7381
2008-04-11,1.8911
2008-04-18,1.9221
2008-04-25,1.7084
2008-05-02,1.3780
2008-05-09,1.2595
2008-05-16,1.0309
2008-05-23,0.9427
2008-05-30,0.9791
2008-06-06,1.3199
2008-06-13,1.2469
2008-06-20,1.2848
2008-06-27,1.7482
2008-07-04,1.8442
2008-07-11,1.7974
2008-07-18,1.7707
2008-07-25,1.2057
2008-08-01,1.6648
2008-08-08,1.5530
2008-08-15,1.5343
2008-08-22,1.7832
2008-08-29,1.5587
2008-09-05,1.8285
2008-09-12,1.9864
2008-09-19,4.1446
2008-09-26,4.5937
2008-10-03,7.2756
2008-10-10,9.6630
2008-10-17,9.6112
2008-10-24,8.1016
2008-10-31,7.7843
2008-11-07,6.2345
2008-11-14,6.0197
2008-11-21,7.7206
2008-11-28,6.8803
2008-12-05,6.9637
2008-12-12,6.5749
2008-12-19,5.9798
2008-12-26,4.8076
2009-01-02,4.9433
2009-01-09,3.7473
2009-01-16,3.8237
2009-01-23,4.3432
2009-01-30,4.0583
2009-02-06,3.5972
2009-02-13,3.6047
2009-02-20,4.1875
2009-02-27,4.1822
2009-03-06,4.7961
2009-03-13,3.9557
2009-03-20,3.3491
2009-03-27,3.2231
2009-04-03,3.0357
2009-04-10,2.8150
2009-04-17,2.5916
2009-04-24,2.8471
2009-05-01,2.3413
2009-05-08,1.5796
2009-05-15,2.0490
2009-05-22,1.5849
2009-05-29,1.3765
2009-06-05,1.2177
2009-06-12,1.0193
2009-06-19,1.5944
2009-06-26,1.6528
2009-07-03,1.2117
2009-07-10,1.4703
2009-07-17,1.0130
2009-07-24,0.7821
2009-07-31,0.5228
2009-08-07,0.1676
2009-08-14,0.7955
2009-08-21,0.9664
2009-08-28,0.5428
2009-09-04,0.7068
2009-09-11,0.3617
2009-09-18,0.0374
2009-09-25,0.1746
2009-10-02,0.4206
2009-10-09,0.2863
2009-10-16,0.1410
2009-10-23,0.1965
2009-10-30,0.4244
2009-11-06,0.3925
2009-11-13,0.0333
2009-11-20,0.1560
2009-11-27,0.1563
2009-12-04,0.0624
2009-12-11,0.0016
2009-12-18,-0.1491
2009-12-25,-0.2398
2010-01-01,-0.2167
2010-01-08,-0.4007
2010-01-15,-0.3614
2010-01-22,-0.0856
2010-01-29,0.0511
2010-02-05,-0.0576
2010-02-12,0.1099
2010-02-19,-0.2186
2010-02-26,-0.2334
2010-03-05,-0.2736
2010-03-12,-0.5661
2010-03-19,-0.4380
2010-03-26,-0.4014
2010-04-02,-0.3589
2010-04-09,-0.4739
2010-04-16,-0.4578
2010-04-23,-0.4242
2010-04-30,-0.1978
2010-05-07,0.4106
2010-05-14,0.3484
2010-05-21,0.9753
2010-05-28,1.0212
2010-06-04,0.8164
2010-06-11,0.9680
2010-06-18,0.5006
2010-06-25,0.5816
2010-07-02,0.9362
2010-07-09,0.5591
2010-07-16,0.3518
2010-07-23,0.4987
2010-07-30,0.1683
2010-08-06,0.1954
2010-08-13,0.4111
2010-08-20,0.4333
2010-08-27,0.4564
2010-09-03,0.2739
2010-09-10,0.0559
2010-09-17,0.0031
2010-09-24,0.0816
2010-10-01,0.1041
2010-10-08,0.0020
2010-10-15,-0.2017
2010-10-22,-0.0739
2010-10-29,-0.2306
2010-11-05,-0.1409
2010-11-12,-0.2437
2010-11-19,0.0102
2010-11-26,0.0237
2010-12-03,-0.0170
2010-12-10,-0.2871
2010-12-17,-0.2001
2010-12-24,-0.2502
2010-12-31,-0.2466
2011-01-07,-0.3292
2011-01-14,-0.3130
2011-01-21,-0.3259
2011-01-28,-0.2714
2011-02-04,-0.3867
2011-02-11,-0.4611
2011-02-18,-0.3150
2011-02-25,-0.0981
2011-03-04,-0.2401
2011-03-11,-0.2437
2011-03-18,0.0758
2011-03-25,-0.3335
2011-04-01,-0.3504
2011-04-08,-0.4253
2011-04-15,-0.3882
2011-04-22,-0.4105
2011-04-29,-0.5263
2011-05-06,-0.3432
2011-05-13,-0.3601
2011-05-20,-0.3226
2011-05-27,-0.2850
2011-06-03,-0.2128
2011-06-10,-0.1454
2011-06-17,-0.1370
2011-06-24,-0.1224
2011-07-01,-0.3965
2011-07-08,-0.3644
2011-07-15,-0.0218
2011-07-22,-0.2955
2011-07-29,-0.2726
2011-08-05,0.3346
2011-08-12,1.3155
2011-08-19,0.5263
2011-08-26,0.8680
2011-09-02,0.5104
2011-09-09,0.9038
2011-09-16,0.7711
2011-09-23,1.1004
2011-09-30,1.1444
2011-10-07,1.3778
2011-10-14,0.4727
2011-10-21,0.6658
2011-10-28,0.3079
2011-11-04,0.8549
2011-11-11,0.7829
2011-11-18,1.0259
2011-11-25,1.2352
2011-12-02,0.6816
2011-12-09,0.6278
2011-12-16,0.8945
2011-12-23,0.6471
2011-12-30,0.6519
2012-01-06,0.5354
2012-01-13,0.5615
2012-01-20,0.4257
2012-01-27,0.3173
2012-02-03,0.2846
2012-02-10,0.0908
2012-02-17,0.1955
2012-02-24,0.0608
2012-03-02,0.0398
2012-03-09,0.1635
2012-03-16,-0.2047
2012-03-23,-0.0818
2012-03-30,0.0151
2012-04-06,0.0620
2012-04-13,0.2753
2012-04-20,0.0313
2012-04-27,-0.0113
2012-05-04,-0.0680
2012-05-11,0.1000
2012-05-18,0.4453
2012-05-25,0.3580
2012-06-01,0.4491
2012-06-08,0.4255
2012-06-15,0.2108
2012-06-22,0.0472
2012-06-29,0.1157
2012-07-06,0.0271
2012-07-13,0.1243
2012-07-20,-0.0332
2012-07-27,0.1030
2012-08-03,-0.1375
2012-08-10,-0.1767
2012-08-17,-0.1083
2012-08-24,-0.1648
2012-08-31,-0.0776
2012-09-07,-0.2035
2012-09-14,-0.4784
2012-09-21,-0.5304
2012-09-28,-0.2234
2012-10-05,-0.4381
2012-10-12,-0.4708
2012-10-19,-0.6073
2012-10-26,-0.3515
2012-11-02,-0.3393
2012-11-09,-0.3148
2012-11-16,-0.2019
2012-11-23,-0.5376
2012-11-30,-0.4843
2012-12-07,-0.5273
2012-12-14,-0.5846
2012-12-21,-0.5677
2012-12-28,-0.3733
2013-01-04,-0.6334
2013-01-11,-0.6217
2013-01-18,-0.6392
2013-01-25,-0.6705
2013-02-01,-0.5715
2013-02-08,-0.5354
2013-02-15,-0.6714
2013-02-22,-0.6280
2013-03-01,-0.5172
2013-03-08,-0.7539
2013-03-15,-0.7895
2013-03-22,-0.5802
2013-03-29,-0.6317
2013-04-05,-0.5599
2013-04-12,-0.7296
2013-04-19,-0.4959
2013-04-26,-0.6909
2013-05-03,-0.6706
2013-05-10,-0.7693
2013-05-17,-0.6153
2013-05-24,-0.5352
2013-05-31,-0.3679
2013-06-07,-0.0907
2013-06-14,-0.1505
2013-06-21,-0.1213
2013-06-28,0.0725
2013-07-05,-0.1545
2013-07-12,-0.3107
2013-07-19,-0.5195
2013-07-26,-0.4942
2013-08-02,-0.3666
2013-08-09,-0.4137
2013-08-16,-0.3748
2013-08-23,-0.1957
2013-08-30,-0.1750
2013-09-06,-0.2526
2013-09-13,-0.3317
2013-09-20,-0.4562
2013-09-27,-0.3508
2013-10-04,-0.2638
2013-10-11,-0.3976
2013-10-18,-0.5633
2013-10-25,-0.5852
2013-11-01,-0.5338
2013-11-08,-0.5145
2013-11-15,-0.5698
2013-11-22,-0.6498
2013-11-29,-0.5826
2013-12-06,-0.4582
2013-12-13,-0.5084
2013-12-20,-0.5715
2013-12-27,-0.6817
2014-01-03,-0.5649
2014-01-10,-0.6445
2014-01-17,-0.6501
2014-01-24,-0.5336
2014-01-31,-0.3423
2014-02-07,-0.3670
2014-02-14,-0.7007
2014-02-21,-0.5852
2014-02-28,-0.6668
2014-03-07,-0.6363
2014-03-14,-0.5706
2014-03-21,-0.6181
2014-03-28,-0.6413
2014-04-04,-0.6295
2014-04-11,-0.5320
2014-04-18,-0.6227
2014-04-25,-0.7289
2014-05-02,-0.6697
2014-05-09,-0.6741
2014-05-16,-0.7074
2014-05-23,-0.7134
2014-05-30,-0.7771
2014-06-06,-0.7845
2014-06-13,-0.8070
2014-06-20,-0.8175
2014-06-27,-0.8094
2014-07-04,-0.7781
2014-07-11,-0.7288
2014-07-18,-0.6722
2014-07-25,-0.6991
2014-08-01,-0.5708
2014-08-08,-0.4024
2014-08-15,-0.6761
2014-08-22,-0.7336
2014-08-29,-0.6727
2014-09-05,-0.6159
2014-09-12,-0.5204
2014-09-19,-0.5275
2014-09-26,-0.3640
2014-10-03,-0.3177
2014-10-10,-0.3000
2014-10-17,0.1473
2014-10-24,-0.4531
2014-10-31,-0.4775
2014-11-07,-0.4427
2014-11-14,-0.4329
2014-11-21,-0.3084
2014-11-28,-0.4108
2014-12-05,-0.2891
2014-12-12,-0.0130
2014-12-19,0.0816
2014-12-26,-0.4860
2015-01-02,-0.1115
2015-01-09,0.1428
2015-01-16,0.1462
2015-01-23,-0.0201
2015-01-30,0.0031
2015-02-06,-0.1739
2015-02-13,-0.2610
2015-02-20,-0.2460
2015-02-27,-0.2293
2015-03-06,-0.2676
2015-03-13,-0.1133
2015-03-20,-0.1409
2015-03-27,-0.2059
2015-04-03,-0.1888
2015-04-10,-0.3642
2015-04-17,-0.3542
2015-04-24,-0.3997
2015-05-01,-0.3791
2015-05-08,-0.3210
2015-05-15,-0.2946
2015-05-22,-0.2943
2015-05-29,-0.1922
2015-06-05,-0.1922
2015-06-12,-0.2065
2015-06-19,-0.1630
2015-06-26,-0.3157
2015-07-03,0.0709
2015-07-10,-0.0139
2015-07-17,-0.3398
2015-07-24,-0.1847
2015-07-31,-0.0941
2015-08-07,-0.1420
2015-08-14,-0.0485
2015-08-21,0.1761
2015-08-28,0.6733
2015-09-04,0.2882
2015-09-11,0.1812
2015-09-18,0.1959
2015-09-25,0.4235
2015-10-02,0.6964
2015-10-09,0.0760
2015-10-16,0.1525
2015-10-23,0.0305
2015-10-30,-0.0061
2015-11-06,-0.0802
2015-11-13,0.1326
2015-11-20,0.1032
2015-11-27,0.0483
2015-12-04,0.1274
2015-12-11,0.4599
2015-12-18,0.5405
2015-12-25,0.3801
2016-01-01,0.3180
2016-01-08,0.7016
2016-01-15,0.8696
2016-01-22,0.9845
2016-01-29,0.5393
2016-02-05,0.7147
2016-02-12,1.2533
2016-02-19,0.5745
2016-02-26,0.5528
2016-03-04,0.2366
2016-03-11,0.2727
2016-03-18,0.1590
2016-03-25,0.1617
2016-04-01,0.3793
2016-04-08,0.3365
2016-04-15,0.0918
2016-04-22,-0.0223
2016-04-29,0.0685
2016-05-06,0.2686
2016-05-13,0.1787
2016-05-20,0.0768
2016-05-27,-0.0029
2016-06-03,0.1254
2016-06-10,0.1522
2016-06-17,0.5669
2016-06-24,0.2572
2016-07-01,0.5807
2016-07-08,0.2051
2016-07-15,-0.1000
2016-07-22,0.0934
2016-07-29,0.2359
2016-08-05,0.3571
2016-08-12,0.2119
2016-08-19,0.1929
2016-08-26,0.2704
2016-09-02,0.2834
2016-09-09,0.2949
2016-09-16,0.5025
2016-09-23,0.3313
2016-09-30,0.3104
2016-10-07,0.0906
2016-10-14,0.2253
2016-10-21,0.1815
2016-10-28,0.1074
2016-11-04,0.4952
2016-11-11,-0.0098
2016-11-18,-0.0319
2016-11-25,-0.1159
2016-12-02,-0.0060
2016-12-09,-0.2562
2016-12-16,-0.1531
2016-12-23,-0.0991
2016-12-30,-0.0557
2017-01-06,-0.0985
2017-01-13,-0.1094
2017-01-20,-0.0869
2017-01-27,-0.2005
2017-02-03,-0.1364
2017-02-10,-0.1766
2017-02-17,-0.2990
2017-02-24,-0.2246
2017-03-03,-0.3942
2017-03-10,-0.4089
2017-03-17,-0.3679
2017-03-24,-0.2428
2017-03-31,-0.4122
2017-04-07,-0.3843
2017-04-14,-0.2572
2017-04-21,-0.2555
2017-04-28,-0.5834
2017-05-05,-0.5049
2017-05-12,-0.6118
2017-05-19,-0.4767
2017-05-26,-0.6588
2017-06-02,-0.6271
2017-06-09,-0.7157
2017-06-16,-0.7120
2017-06-23,-0.4823
2017-06-30,-0.5616
2017-07-07,-0.5933
2017-07-14,-0.5700
2017-07-21,-0.6916
2017-07-28,-0.7239
2017-08-04,-0.6258
2017-08-11,-0.4644
2017-08-18,-0.4424
2017-08-25,-0.4654
2017-09-01,-0.5134
2017-09-08,-0.4289
2017-09-15,-0.6740
2017-09-22,-0.7151
2017-09-29,-0.6656
2017-10-06,-0.7101
2017-10-13,-0.6738
2017-10-20,-0.7417
2017-10-27,-0.7449
2017-11-03,-0.7085
2017-11-10,-0.6796
2017-11-17,-0.6753
2017-11-24,-0.8310
2017-12-01,-0.7857
2017-12-08,-0.7153
2017-12-15,-0.6521
2017-12-22,-0.6128
2017-12-29,-0.5121
2018-01-05,-0.6306
2018-01-12,-0.7107
2018-01-19,-0.6519
2018-01-26,-0.6629
2018-02-02,-0.5071
2018-02-09,0.0962
2018-02-16,-0.2651
2018-02-23,-0.3444
2018-03-02,-0.0764
2018-03-09,-0.1003
2018-03-16,-0.0296
2018-03-23,0.2509
2018-03-30,0.3327
2018-04-06,0.3315
2018-04-13,0.1317
2018-04-20,-0.0697
2018-04-27,-0.0331
2018-05-04,0.0005
2018-05-11,-0.2428
2018-05-18,-0.3022
2018-05-25,-0.2365
2018-06-01,0.0550
2018-06-08,-0.3950
2018-06-15,-0.3457
2018-06-22,-0.2788
2018-06-29,-0.0666
2018-07-06,-0.1955
2018-07-13,-0.4248
2018-07-20,-0.4612
2018-07-27,-0.5441
2018-08-03,-0.4509
2018-08-10,-0.5574
2018-08-17,-0.4511
2018-08-24,-0.6342
2018-08-31,-0.6778
2018-09-07,-0.6040
2018-09-14,-0.7181
2018-09-21,-0.8173
2018-09-28,-0.7545
2018-10-05,-0.7900
2018-10-12,-0.4462
2018-10-19,-0.5092
2018-10-26,-0.2147
2018-11-02,-0.2280
2018-11-09,-0.4738
2018-11-16,-0.0282
2018-11-23,0.0511
2018-11-30,-0.1478
2018-12-07,0.2009
2018-12-14,0.2604
2018-12-21,0.5385
2018-12-28,0.6670
2019-01-04,0.3094
2019-01-11,-0.1816
2019-01-18,-0.1497
2019-01-25,-0.1272
2019-02-01,-0.1478
2019-02-08,-0.2936
2019-02-15,-0.3589
2019-02-22,-0.5252
2019-03-01,-0.5852
2019-03-08,-0.4677
2019-03-15,-0.5730
2019-03-22,-0.5841
2019-03-29,-0.3238
2019-04-05,-0.6735
2019-04-12,-0.6572
2019-04-19,-0.7752
2019-04-26,-0.6366
2019-05-03,-0.6758
2019-05-10,-0.3824
2019-05-17,-0.3582
2019-05-24,-0.4785
2019-05-31,-0.1877
2019-06-07,-0.2099
2019-06-14,-0.4333
2019-06-21,-0.3460
2019-06-28,-0.3405
2019-07-05,-0.5283
2019-07-12,-0.4529
2019-07-19,-0.3652
2019-07-26,-0.4934
2019-08-02,-0.2683
2019-08-09,0.2405
2019-08-16,0.1942
2019-08-23,-0.0942
2019-08-30,-0.0547
2019-09-06,-0.0998
2019-09-13,-0.3476
2019-09-20,-0.1541
2019-09-27,0.0981
2019-10-04,0.3616
2019-10-11,0.1352
2019-10-18,-0.1366
2019-10-25,-0.1345
2019-11-01,-0.0704
2019-11-08,-0.1014
2019-11-15,-0.1096
2019-11-22,-0.0587
2019-11-29,-0.1958
2019-12-06,-0.0982
2019-12-13,-0.2738
2019-12-20,-0.3723
2019-12-27,-0.1874
2020-01-03,-0.2339
2020-01-10,-0.3600
2020-01-17,-0.5282
2020-01-24,-0.4169
2020-01-31,-0.1290
2020-02-07,-0.4676
2020-02-14,-0.5757
2020-02-21,-0.4522
2020-02-28,0.6595
2020-03-06,1.3288
2020-03-13,3.5035
2020-03-20,5.6683
2020-03-27,5.3764
2020-04-03,3.1574
2020-04-10,2.6153
2020-04-17,1.8783
2020-04-24,2.4057
2020-05-01,1.2447
2020-05-08,0.9457
2020-05-15,0.9186
2020-05-22,0.4315
2020-05-29,0.2031
2020-06-05,-0.0891
2020-06-12,0.2748
2020-06-19,0.4803
2020-06-26,0.5063
2020-07-03,0.4186
2020-07-10,0.1178
2020-07-17,0.0715
2020-07-24,-0.2208
2020-07-31,-0.0707
2020-08-07,-0.1999
2020-08-14,-0.2600
2020-08-21,-0.0613
2020-08-28,-0.2628
2020-09-04,-0.1133
2020-09-11,0.0590
2020-09-18,-0.1265
2020-09-25,0.2579
2020-10-02,-0.0702
2020-10-09,-0.2308
2020-10-16,-0.0858
2020-10-23,0.0162
2020-10-30,0.3927
2020-11-06,-0.0701
2020-11-13,-0.4764
2020-11-20,-0.1577
2020-11-27,-0.3934
2020-12-04,-0.4400
2020-12-11,-0.4155
2020-12-18,-0.3725
2020-12-25,-0.4134
2021-01-01,-0.4710
2021-01-08,-0.4799
2021-01-15,-0.5235
2021-01-22,-0.5114
2021-01-29,-0.2627
2021-02-05,-0.5708
2021-02-12,-0.7571
2021-02-19,-0.6465
2021-02-26,-0.4378
2021-03-05,-0.4003
2021-03-12,-0.4925
2021-03-19,-0.5390
2021-03-26,-0.6196
2021-04-02,-0.7112
2021-04-09,-0.8115
2021-04-16,-0.7634
2021-04-23,-0.7131
2021-04-30,-0.8001
2021-05-07,-0.8014
2021-05-14,-0.7420
2021-05-21,-0.7088
2021-05-28,-0.8083
2021-06-04,-0.8438
2021-06-11,-0.7910
2021-06-18,-0.7691
2021-06-25,-0.7994
2021-07-02,-0.8405
2021-07-09,-0.7090
2021-07-16,-0.7976
2021-07-23,-0.5658
2021-07-30,-0.7613
2021-08-06,-0.6733
2021-08-13,-0.8568
2021-08-20,-0.6169
2021-08-27,-0.7643
2021-09-03,-0.7583
2021-09-10,-0.7086
2021-09-17,-0.6765
2021-09-24,-0.5410
2021-10-01,-0.6263
2021-10-08,-0.6344
2021-10-15,-0.7283
2021-10-22,-0.9020
2021-10-29,-0.8100
2021-11-05,-0.6808
2021-11-12,-0.7867
2021-11-19,-0.6854
2021-11-26,-0.4856
2021-12-03,-0.1693
2021-12-10,-0.7041
2021-12-17,-0.4976
2021-12-24,-0.5789
2021-12-31,-0.7682
2022-01-07,-0.6975
2022-01-14,-0.6591
2022-01-21,-0.3816
2022-01-28,-0.2006
2022-02-04,-0.5116
2022-02-11,-0.5829
2022-02-18,-0.1631
2022-02-25,-0.0049
2022-03-04,0.2942
2022-03-11,0.1532
2022-03-18,-0.3049
2022-03-25,-0.6086
2022-04-01,-0.4753
2022-04-08,-0.3674
2022-04-15,-0.2775
2022-04-22,-0.3834
2022-04-29,0.1816
2022-05-06,0.2128
2022-05-13,0.5602
2022-05-20,0.3053
2022-05-27,0.2779
2022-06-03,-0.1617
2022-06-10,-0.0461
2022-06-17,0.0381
2022-06-24,0.3744
2022-07-01,0.6108
2022-07-08,0.4250
2022-07-15,0.0657
2022-07-22,-0.2745
2022-07-29,-0.1964
2022-08-05,-0.4839
2022-08-12,-0.4032
2022-08-19,-0.3683
2022-08-26,-0.2029
2022-09-02,-0.1349
2022-09-09,-0.3089
2022-09-16,-0.4365
2022-09-23,0.1349
2022-09-30,0.5245
2022-10-07,0.1653
2022-10-14,0.2910
2022-10-21,-0.1463
2022-10-28,-0.2946
2022-11-04,-0.3872
2022-11-11,-0.3234
2022-11-18,-0.2293
2022-11-25,-0.2294
2022-12-02,-0.1192
2022-12-09,0.1197
2022-12-16,0.0066
2022-12-23,0.0273
2022-12-30,-0.0371
2023-01-06,-0.1672
2023-01-13,-0.4260
2023-01-20,-0.3925
2023-01-27,-0.5113
2023-02-03,-0.5519
2023-02-10,-0.6089
2023-02-17,-0.4681
2023-02-24,-0.2302
2023-03-03,-0.4472
2023-03-10,-0.0899
2023-03-17,1.0964
2023-03-24,0.2669
2023-03-31,-0.2718
2023-04-07,-0.0979
2023-04-14,-0.4840
2023-04-21,-0.6575
2023-04-28,-0.2936
2023-05-05,-0.3316
2023-05-12,-0.5116
2023-05-19,-0.4440
2023-05-26,-0.3213
2023-06-02,-0.4723
2023-06-09,-0.6975
2023-06-16,-0.6120
2023-06-23,-0.5889
2023-06-30,-0.6969
2023-07-07,-0.7487
2023-07-14,-0.6951
2023-07-21,-0.7387
2023-07-28,-0.7589
2023-08-04,-0.7163
2023-08-11,-0.6593
2023-08-18,-0.6195
2023-08-25,-0.6799
2023-09-01,-0.6941
2023-09-08,-0.7139
2023-09-15,-0.7128
2023-09-22,-0.7175
2023-09-29,-0.4962
2023-10-06,-0.4247
2023-10-13,-0.5411
2023-10-20,-0.3254
2023-10-27,-0.3474
2023-11-03,-0.6078
2023-11-10,-0.7331
2023-11-17,-0.6243
2023-11-24,-0.7353
2023-12-01,-0.5350
2023-12-08,-0.5025
2023-12-15,-0.6113
2023-12-22,-0.4394
2023-12-29,-0.4190
2024-01-05,-0.5549
2024-01-12,-0.7100
2024-01-19,-0.8068
2024-01-26,-0.8329
2024-02-02,-0.7575
2024-02-09,-0.5982
2024-02-16,-0.6430
2024-02-23,-0.6724
2024-03-01,-0.7918
2024-03-08,-0.7933
2024-03-15,-0.9231
2024-03-22,-0.9419
2024-03-29,-0.9348
2024-04-05,-0.8429
2024-04-12,-0.7936
2024-04-19,-0.4146
2024-04-26,-0.8409
2024-05-03,-0.8302
2024-05-10,-0.9237
2024-05-17,-0.9105
2024-05-24,-0.9599
2024-05-31,-0.8492
2024-06-07,-0.8450
2024-06-14,-0.8703
2024-06-21,-0.8316
2024-06-28,-0.8356
2024-07-05,-0.8267
2024-07-12,-0.8332
2024-07-19,-0.6646
2024-07-26,-0.6213
2024-08-02,-0.3418
2024-08-09,-0.1636
2024-08-16,-0.7386
2024-08-23,-0.6490
2024-08-30,-0.6499
2024-09-06,-0.3914
2024-09-13,-0.3172
2024-09-20,-0.4441
2024-09-27,-0.2692
2024-10-04,-0.6095
2024-10-11,-0.5856
2024-10-18,-0.5341
2024-10-25,-0.3825
2024-11-01,-0.2938
2024-11-08,-0.5643
2024-11-15,-0.7988
2024-11-22,-0.6121
2024-11-29,-0.6203
2024-12-06,-0.5299
2024-12-13,-0.5782
2024-12-20,-0.4940
2024-12-27,-0.6216
2025-01-03,-0.6204
2025-01-10,-0.7989
2025-01-17,-0.8254
2025-01-24,-0.9754
2025-01-31,-0.7625
2025-02-07,-0.7837
2025-02-14,-0.8281
2025-02-21,-0.7603
2025-02-28,-0.4561
2025-03-07,-0.3536
2025-03-14,-0.2119
2025-03-21,-0.6429
2025-03-28,-0.6217
2025-04-04,0.1000
2025-04-11,0.5897
2025-04-18,-0.2003
2025-04-25,-0.2661
2025-05-02,-0.3431
2025-05-09,-0.4657
2025-05-16,-0.8956
2025-05-23,-0.4990
2025-05-30,-0.5374
2025-06-06,-0.8064
2025-06-13,-0.7838
2025-06-20,-0.6523
2025-06-27,-0.7057
2025-07-04,-0.8795
2025-07-11,-0.7504
2025-07-18,-0.7160
2025-07-25,-0.8021
2025-08-01,-0.6828
2025-08-08,-0.5733
2025-08-15,-0.8205
2025-08-22,-0.7546
2025-08-29,-0.6101
2025-09-05,-0.4249
2025-09-12,-0.5700
2025-09-19,-0.5952
2025-09-26,-0.5384
2025-10-03,-0.4984
2025-10-10,-0.4873
2025-10-17,-0.3716
2025-10-24,-0.5126
2025-10-31,-0.4615
2025-11-07,-0.3114
2025-11-14,-0.5087
2025-11-21,-0.1334
2025-11-28,-0.3972
2025-12-05,-0.4245
2025-12-12,-0.3582
2025-12-19,-0.3391
2025-12-26,-0.5799
2026-01-02,-0.5633
2026-01-09,-0.6621
2026-01-16,-0.6493
2026-01-23,-0.7105
2026-01-30,-0.6774
2026-02-06,-0.6544
2026-02-13,-0.6200
2026-02-20,-0.4875
2026-02-27,-0.4423
2026-03-06,-0.4272
2026-03-13,-0.2972
2026-03-20,-0.3658
2026-03-27,-0.1804
2026-04-03,-0.2404
2026-04-10,-0.6472
2026-04-17,-0.7580
2026-04-24,-0.6782
